instant,dteday,season,yr,mnth,holiday,weekday,workingday,weathersit,temp,atemp,hum,windspeed,casual,registered,cnt,date
1,2011-01-01,springer,2011,Jan,No,Sat,No,Moderate,14.0,18.0,81.0,11.0,331,654,985,01
2,2011-01-02,springer,2011,Jan,No,Sun,No,Moderate,15.0,18.0,70.0,17.0,131,670,801,02
3,2011-01-03,springer,2011,Jan,No,Mon,Yes,Normal,8.0,9.0,44.0,17.0,120,1229,1349,03
4,2011-01-04,springer,2011,Jan,No,Tue,Yes,Normal,8.0,11.0,59.0,11.0,108,1454,1562,04
5,2011-01-05,springer,2011,Jan,No,Wed,Yes,Normal,9.0,11.0,44.0,13.0,82,1518,1600,05
6,2011-01-06,springer,2011,Jan,No,Thr,Yes,Normal,8.0,12.0,52.0,6.0,88,1518,1606,06
7,2011-01-07,springer,2011,Jan,No,Fri,Yes,Moderate,8.0,10.0,50.0,11.0,148,1362,1510,07
8,2011-01-08,springer,2011,Jan,No,Sat,No,Moderate,7.0,8.0,54.0,18.0,68,891,959,08
9,2011-01-09,springer,2011,Jan,No,Sun,No,Normal,6.0,6.0,43.0,24.0,54,768,822,09
10,2011-01-10,springer,2011,Jan,No,Mon,Yes,Normal,6.0,8.0,48.0,15.0,41,1280,1321,10
11,2011-01-11,springer,2011,Jan,No,Tue,Yes,Moderate,7.0,10.0,69.0,8.0,43,1220,1263,11
12,2011-01-12,springer,2011,Jan,No,Wed,Yes,Normal,7.0,8.0,60.0,20.0,25,1137,1162,12
13,2011-01-13,springer,2011,Jan,No,Thr,Yes,Normal,7.0,8.0,47.0,20.0,38,1368,1406,13
14,2011-01-14,springer,2011,Jan,No,Fri,Yes,Normal,7.0,9.0,54.0,8.0,54,1367,1421,14
15,2011-01-15,springer,2011,Jan,No,Sat,No,Moderate,10.0,12.0,50.0,11.0,222,1026,1248,15
16,2011-01-16,springer,2011,Jan,No,Sun,No,Normal,9.0,12.0,48.0,13.0,251,953,1204,16
17,2011-01-17,springer,2011,Jan,Yes,Mon,No,Moderate,7.0,9.0,54.0,13.0,117,883,1000,17
18,2011-01-18,springer,2011,Jan,No,Tue,Yes,Moderate,9.0,12.0,86.0,10.0,9,674,683,18
19,2011-01-19,springer,2011,Jan,No,Wed,Yes,Moderate,12.0,15.0,74.0,14.0,78,1572,1650,19
20,2011-01-20,springer,2011,Jan,No,Thr,Yes,Moderate,11.0,13.0,54.0,13.0,83,1844,1927,20
21,2011-01-21,springer,2011,Jan,No,Fri,Yes,Normal,7.0,8.0,46.0,24.0,75,1468,1543,21
22,2011-01-22,springer,2011,Jan,No,Sat,No,Normal,2.0,4.0,40.0,12.0,93,888,981,22
23,2011-01-23,springer,2011,Jan,No,Sun,No,Normal,4.0,5.0,44.0,17.0,150,836,986,23
24,2011-01-24,springer,2011,Jan,No,Mon,Yes,Normal,4.0,6.0,49.0,11.0,86,1330,1416,24
25,2011-01-25,springer,2011,Jan,No,Tue,Yes,Moderate,9.0,12.0,62.0,9.0,186,1799,1985,25
26,2011-01-26,springer,2011,Jan,No,Wed,Yes,Caution,9.0,10.0,86.0,20.0,34,472,506,26
27,2011-01-27,springer,2011,Jan,No,Thr,Yes,Normal,8.0,11.0,69.0,8.0,15,416,431,27
28,2011-01-28,springer,2011,Jan,No,Fri,Yes,Moderate,8.0,11.0,79.0,8.0,38,1129,1167,28
29,2011-01-29,springer,2011,Jan,No,Sat,No,Normal,8.0,11.0,65.0,10.0,123,975,1098,29
30,2011-01-30,springer,2011,Jan,No,Sun,No,Normal,9.0,13.0,72.0,5.0,140,956,1096,30
31,2011-01-31,springer,2011,Jan,No,Mon,Yes,Moderate,7.0,9.0,60.0,13.0,42,1459,1501,31
32,2011-02-01,springer,2011,Feb,No,Tue,Yes,Moderate,8.0,12.0,83.0,4.0,47,1313,1360,01
33,2011-02-02,springer,2011,Feb,No,Wed,Yes,Moderate,11.0,13.0,78.0,18.0,72,1454,1526,02
34,2011-02-03,springer,2011,Feb,No,Thr,Yes,Normal,8.0,9.0,44.0,19.0,61,1489,1550,03
35,2011-02-04,springer,2011,Feb,No,Fri,Yes,Moderate,9.0,11.0,59.0,9.0,88,1620,1708,04
36,2011-02-05,springer,2011,Feb,No,Sat,No,Moderate,10.0,12.0,93.0,11.0,100,905,1005,05
37,2011-02-06,springer,2011,Feb,No,Sun,No,Normal,12.0,15.0,57.0,10.0,354,1269,1623,06
38,2011-02-07,springer,2011,Feb,No,Mon,Yes,Normal,11.0,15.0,74.0,3.0,120,1592,1712,07
39,2011-02-08,springer,2011,Feb,No,Tue,Yes,Normal,9.0,10.0,54.0,24.0,64,1466,1530,08
40,2011-02-09,springer,2011,Feb,No,Wed,Yes,Moderate,6.0,7.0,49.0,13.0,53,1552,1605,09
41,2011-02-10,springer,2011,Feb,No,Thr,Yes,Normal,6.0,7.0,44.0,15.0,47,1491,1538,10
42,2011-02-11,springer,2011,Feb,No,Fri,Yes,Normal,8.0,11.0,51.0,7.0,149,1597,1746,11
43,2011-02-12,springer,2011,Feb,No,Sat,No,Normal,9.0,12.0,54.0,14.0,288,1184,1472,12
44,2011-02-13,springer,2011,Feb,No,Sun,No,Normal,13.0,16.0,46.0,17.0,397,1192,1589,13
45,2011-02-14,springer,2011,Feb,No,Mon,Yes,Normal,17.0,20.0,38.0,26.0,208,1705,1913,14
46,2011-02-15,springer,2011,Feb,No,Tue,Yes,Normal,11.0,13.0,31.0,20.0,140,1675,1815,15
47,2011-02-16,springer,2011,Feb,No,Wed,Yes,Normal,13.0,16.0,42.0,17.0,218,1897,2115,16
48,2011-02-17,springer,2011,Feb,No,Thr,Yes,Normal,18.0,21.0,50.0,15.0,259,2216,2475,17
49,2011-02-18,springer,2011,Feb,No,Fri,Yes,Normal,21.0,26.0,52.0,18.0,579,2348,2927,18
50,2011-02-19,springer,2011,Feb,No,Sat,No,Normal,16.0,20.0,20.0,26.0,532,1103,1635,19
51,2011-02-20,springer,2011,Feb,No,Sun,No,Normal,12.0,14.0,41.0,15.0,639,1173,1812,20
52,2011-02-21,springer,2011,Feb,Yes,Mon,No,Moderate,12.0,14.0,60.0,21.0,195,912,1107,21
53,2011-02-22,springer,2011,Feb,No,Tue,Yes,Normal,7.0,9.0,58.0,13.0,74,1376,1450,22
54,2011-02-23,springer,2011,Feb,No,Wed,Yes,Normal,9.0,12.0,42.0,6.0,139,1778,1917,23
55,2011-02-24,springer,2011,Feb,No,Thr,Yes,Moderate,12.0,14.0,70.0,17.0,100,1707,1807,24
56,2011-02-25,springer,2011,Feb,No,Fri,Yes,Moderate,15.0,18.0,71.0,23.0,120,1341,1461,25
57,2011-02-26,springer,2011,Feb,No,Sat,No,Normal,12.0,14.0,54.0,13.0,424,1545,1969,26
58,2011-02-27,springer,2011,Feb,No,Sun,No,Normal,14.0,18.0,68.0,8.0,694,1708,2402,27
59,2011-02-28,springer,2011,Feb,No,Mon,Yes,Moderate,17.0,20.0,88.0,19.0,81,1365,1446,28
60,2011-03-01,springer,2011,Mar,No,Tue,Yes,Normal,11.0,13.0,54.0,15.0,137,1714,1851,01
61,2011-03-02,springer,2011,Mar,No,Wed,Yes,Normal,14.0,16.0,45.0,21.0,231,1903,2134,02
62,2011-03-03,springer,2011,Mar,No,Thr,Yes,Normal,8.0,10.0,32.0,15.0,123,1562,1685,03
63,2011-03-04,springer,2011,Mar,No,Fri,Yes,Moderate,11.0,13.0,61.0,14.0,214,1730,1944,04
64,2011-03-05,springer,2011,Mar,No,Sat,No,Moderate,16.0,19.0,79.0,17.0,640,1437,2077,05
65,2011-03-06,springer,2011,Mar,No,Sun,No,Moderate,15.0,18.0,95.0,23.0,114,491,605,06
66,2011-03-07,springer,2011,Mar,No,Mon,Yes,Normal,11.0,12.0,55.0,23.0,244,1628,1872,07
67,2011-03-08,springer,2011,Mar,No,Tue,Yes,Normal,12.0,15.0,42.0,8.0,316,1817,2133,08
68,2011-03-09,springer,2011,Mar,No,Wed,Yes,Moderate,12.0,14.0,78.0,15.0,191,1700,1891,09
69,2011-03-10,springer,2011,Mar,No,Thr,Yes,Caution,16.0,19.0,20.0,18.0,46,577,623,10
70,2011-03-11,springer,2011,Mar,No,Fri,Yes,Moderate,13.0,15.0,65.0,16.0,247,1730,1977,11
71,2011-03-12,springer,2011,Mar,No,Sat,No,Normal,13.0,16.0,59.0,15.0,724,1408,2132,12
72,2011-03-13,springer,2011,Mar,No,Sun,No,Normal,16.0,19.0,53.0,18.0,982,1435,2417,13
73,2011-03-14,springer,2011,Mar,No,Mon,Yes,Normal,13.0,17.0,50.0,9.0,359,1687,2046,14
74,2011-03-15,springer,2011,Mar,No,Tue,Yes,Moderate,13.0,16.0,66.0,12.0,289,1767,2056,15
75,2011-03-16,springer,2011,Mar,No,Wed,Yes,Moderate,15.0,18.0,78.0,14.0,321,1871,2192,16
76,2011-03-17,springer,2011,Mar,No,Thr,Yes,Normal,17.0,21.0,60.0,14.0,424,2320,2744,17
77,2011-03-18,springer,2011,Mar,No,Fri,Yes,Normal,22.0,26.0,53.0,15.0,884,2355,3239,18
78,2011-03-19,springer,2011,Mar,No,Sat,No,Normal,19.0,23.0,38.0,25.0,1424,1693,3117,19
79,2011-03-20,springer,2011,Mar,No,Sun,No,Normal,14.0,16.0,47.0,14.0,1047,1424,2471,20
80,2011-03-21,summer,2011,Mar,No,Mon,Yes,Moderate,18.0,20.0,74.0,19.0,401,1676,2077,21
81,2011-03-22,summer,2011,Mar,No,Tue,Yes,Normal,18.0,22.0,62.0,15.0,460,2243,2703,22
82,2011-03-23,summer,2011,Mar,No,Wed,Yes,Moderate,14.0,17.0,84.0,16.0,203,1918,2121,23
83,2011-03-24,summer,2011,Mar,No,Thr,Yes,Moderate,12.0,14.0,81.0,16.0,166,1699,1865,24
84,2011-03-25,summer,2011,Mar,No,Fri,Yes,Normal,11.0,13.0,50.0,15.0,300,1910,2210,25
85,2011-03-26,summer,2011,Mar,No,Sat,No,Normal,11.0,13.0,39.0,14.0,981,1515,2496,26
86,2011-03-27,summer,2011,Mar,No,Sun,No,Moderate,10.0,13.0,49.0,12.0,472,1221,1693,27
87,2011-03-28,summer,2011,Mar,No,Mon,Yes,Normal,11.0,13.0,30.0,14.0,222,1806,2028,28
88,2011-03-29,summer,2011,Mar,No,Tue,Yes,Normal,12.0,15.0,31.0,15.0,317,2108,2425,29
89,2011-03-30,summer,2011,Mar,No,Wed,Yes,Moderate,12.0,15.0,65.0,12.0,168,1368,1536,30
90,2011-03-31,summer,2011,Mar,No,Thr,Yes,Caution,11.0,13.0,92.0,15.0,179,1506,1685,31
91,2011-04-01,summer,2011,Apr,No,Fri,Yes,Moderate,12.0,14.0,69.0,17.0,307,1920,2227,01
92,2011-04-02,summer,2011,Apr,No,Sat,No,Moderate,13.0,16.0,65.0,13.0,898,1354,2252,02
93,2011-04-03,summer,2011,Apr,No,Sun,No,Normal,16.0,19.0,48.0,12.0,1651,1598,3249,03
94,2011-04-04,summer,2011,Apr,No,Mon,Yes,Normal,24.0,27.0,43.0,26.0,734,2381,3115,04
95,2011-04-05,summer,2011,Apr,No,Tue,Yes,Moderate,17.0,20.0,64.0,26.0,167,1628,1795,05
96,2011-04-06,summer,2011,Apr,No,Wed,Yes,Normal,16.0,19.0,47.0,18.0,413,2395,2808,06
97,2011-04-07,summer,2011,Apr,No,Thr,Yes,Normal,18.0,22.0,60.0,11.0,571,2570,3141,07
98,2011-04-08,summer,2011,Apr,No,Fri,Yes,Moderate,14.0,16.0,84.0,15.0,172,1299,1471,08
99,2011-04-09,summer,2011,Apr,No,Sat,No,Moderate,14.0,17.0,88.0,9.0,879,1576,2455,09
100,2011-04-10,summer,2011,Apr,No,Sun,No,Moderate,17.0,21.0,86.0,10.0,1188,1707,2895,10
101,2011-04-11,summer,2011,Apr,No,Mon,Yes,Moderate,24.0,28.0,72.0,22.0,855,2493,3348,11
102,2011-04-12,summer,2011,Apr,No,Tue,Yes,Moderate,21.0,25.0,74.0,18.0,257,1777,2034,12
103,2011-04-13,summer,2011,Apr,No,Wed,Yes,Moderate,17.0,21.0,82.0,17.0,209,1953,2162,13
104,2011-04-14,summer,2011,Apr,No,Thr,Yes,Normal,19.0,23.0,54.0,7.0,529,2738,3267,14
105,2011-04-15,summer,2011,Apr,Yes,Fri,No,Normal,18.0,22.0,67.0,15.0,642,2484,3126,15
106,2011-04-16,summer,2011,Apr,No,Sat,No,Caution,18.0,21.0,89.0,23.0,121,674,795,16
107,2011-04-17,summer,2011,Apr,No,Sun,No,Normal,19.0,22.0,48.0,20.0,1558,2186,3744,17
108,2011-04-18,summer,2011,Apr,No,Mon,Yes,Normal,21.0,25.0,54.0,11.0,669,2760,3429,18
109,2011-04-19,summer,2011,Apr,No,Tue,Yes,Moderate,21.0,24.0,67.0,11.0,409,2795,3204,19
110,2011-04-20,summer,2011,Apr,No,Wed,Yes,Normal,24.0,28.0,61.0,16.0,613,3331,3944,20
111,2011-04-21,summer,2011,Apr,No,Thr,Yes,Normal,19.0,23.0,41.0,22.0,745,3444,4189,21
112,2011-04-22,summer,2011,Apr,No,Fri,Yes,Moderate,14.0,16.0,73.0,15.0,177,1506,1683,22
113,2011-04-23,summer,2011,Apr,No,Sat,No,Moderate,19.0,23.0,89.0,15.0,1462,2574,4036,23
114,2011-04-24,summer,2011,Apr,No,Sun,No,Moderate,24.0,28.0,81.0,13.0,1710,2481,4191,24
115,2011-04-25,summer,2011,Apr,No,Mon,Yes,Normal,25.0,29.0,78.0,12.0,773,3300,4073,25
116,2011-04-26,summer,2011,Apr,No,Tue,Yes,Normal,26.0,30.0,73.0,22.0,678,3722,4400,26
117,2011-04-27,summer,2011,Apr,No,Wed,Yes,Moderate,25.0,29.0,84.0,21.0,547,3325,3872,27
118,2011-04-28,summer,2011,Apr,No,Thr,Yes,Moderate,25.0,29.0,70.0,22.0,569,3489,4058,28
119,2011-04-29,summer,2011,Apr,No,Fri,Yes,Normal,21.0,25.0,46.0,16.0,878,3717,4595,29
120,2011-04-30,summer,2011,Apr,No,Sat,No,Normal,19.0,23.0,50.0,16.0,1965,3347,5312,30
121,2011-05-01,summer,2011,May,No,Sun,No,Moderate,19.0,22.0,76.0,7.0,1138,2213,3351,01
122,2011-05-02,summer,2011,May,No,Mon,Yes,Moderate,23.0,27.0,73.0,12.0,847,3554,4401,02
123,2011-05-03,summer,2011,May,No,Tue,Yes,Moderate,25.0,29.0,70.0,23.0,603,3848,4451,03
124,2011-05-04,summer,2011,May,No,Wed,Yes,Moderate,17.0,20.0,74.0,22.0,255,2378,2633,04
125,2011-05-05,summer,2011,May,No,Thr,Yes,Normal,19.0,22.0,44.0,20.0,614,3819,4433,05
126,2011-05-06,summer,2011,May,No,Fri,Yes,Normal,20.0,24.0,59.0,15.0,894,3714,4608,06
127,2011-05-07,summer,2011,May,No,Sat,No,Normal,21.0,26.0,54.0,11.0,1612,3102,4714,07
128,2011-05-08,summer,2011,May,No,Sun,No,Normal,22.0,26.0,63.0,5.0,1401,2932,4333,08
129,2011-05-09,summer,2011,May,No,Mon,Yes,Normal,22.0,26.0,59.0,12.0,664,3698,4362,09
130,2011-05-10,summer,2011,May,No,Tue,Yes,Normal,22.0,26.0,49.0,8.0,694,4109,4803,10
131,2011-05-11,summer,2011,May,No,Wed,Yes,Normal,22.0,26.0,63.0,8.0,550,3632,4182,11
132,2011-05-12,summer,2011,May,No,Thr,Yes,Normal,22.0,26.0,75.0,13.0,695,4169,4864,12
133,2011-05-13,summer,2011,May,No,Fri,Yes,Moderate,21.0,25.0,86.0,12.0,692,3413,4105,13
134,2011-05-14,summer,2011,May,No,Sat,No,Moderate,21.0,25.0,92.0,9.0,902,2507,3409,14
135,2011-05-15,summer,2011,May,No,Sun,No,Moderate,23.0,27.0,87.0,10.0,1582,2971,4553,15
136,2011-05-16,summer,2011,May,No,Mon,Yes,Normal,24.0,28.0,79.0,9.0,773,3185,3958,16
137,2011-05-17,summer,2011,May,No,Tue,Yes,Moderate,23.0,27.0,84.0,19.0,678,3445,4123,17
138,2011-05-18,summer,2011,May,No,Wed,Yes,Moderate,23.0,26.0,87.0,13.0,536,3319,3855,18
139,2011-05-19,summer,2011,May,No,Thr,Yes,Moderate,22.0,26.0,83.0,7.0,735,3840,4575,19
140,2011-05-20,summer,2011,May,No,Fri,Yes,Normal,22.0,26.0,72.0,8.0,909,4008,4917,20
141,2011-05-21,summer,2011,May,No,Sat,No,Normal,25.0,29.0,63.0,8.0,2258,3547,5805,21
142,2011-05-22,summer,2011,May,No,Sun,No,Normal,25.0,29.0,75.0,10.0,1576,3084,4660,22
143,2011-05-23,summer,2011,May,No,Mon,Yes,Moderate,26.0,30.0,81.0,16.0,836,3438,4274,23
144,2011-05-24,summer,2011,May,No,Tue,Yes,Moderate,27.0,30.0,74.0,14.0,659,3833,4492,24
145,2011-05-25,summer,2011,May,No,Wed,Yes,Normal,27.0,31.0,70.0,10.0,740,4238,4978,25
146,2011-05-26,summer,2011,May,No,Thr,Yes,Normal,29.0,33.0,68.0,13.0,758,3919,4677,26
147,2011-05-27,summer,2011,May,No,Fri,Yes,Normal,28.0,32.0,65.0,16.0,871,3808,4679,27
148,2011-05-28,summer,2011,May,No,Sat,No,Normal,27.0,31.0,73.0,15.0,2001,2757,4758,28
149,2011-05-29,summer,2011,May,No,Sun,No,Normal,27.0,31.0,82.0,14.0,2355,2433,4788,29
150,2011-05-30,summer,2011,May,Yes,Mon,No,Normal,30.0,34.0,68.0,9.0,1549,2549,4098,30
151,2011-05-31,summer,2011,May,No,Tue,Yes,Normal,32.0,36.0,64.0,7.0,673,3309,3982,31
152,2011-06-01,summer,2011,Jun,No,Wed,Yes,Moderate,31.0,36.0,68.0,14.0,513,3461,3974,01
153,2011-06-02,summer,2011,Jun,No,Thr,Yes,Normal,29.0,32.0,30.0,20.0,736,4232,4968,02
154,2011-06-03,summer,2011,Jun,No,Fri,Yes,Normal,25.0,29.0,35.0,17.0,898,4414,5312,03
155,2011-06-04,summer,2011,Jun,No,Sat,No,Normal,26.0,30.0,46.0,8.0,1869,3473,5342,04
156,2011-06-05,summer,2011,Jun,No,Sun,No,Moderate,27.0,31.0,65.0,9.0,1685,3221,4906,05
157,2011-06-06,summer,2011,Jun,No,Mon,Yes,Normal,28.0,31.0,60.0,8.0,673,3875,4548,06
158,2011-06-07,summer,2011,Jun,No,Tue,Yes,Normal,29.0,33.0,60.0,13.0,763,4070,4833,07
159,2011-06-08,summer,2011,Jun,No,Wed,Yes,Normal,32.0,36.0,62.0,9.0,676,3725,4401,08
160,2011-06-09,summer,2011,Jun,No,Thr,Yes,Moderate,33.0,38.0,57.0,10.0,563,3352,3915,09
161,2011-06-10,summer,2011,Jun,No,Fri,Yes,Normal,31.0,35.0,60.0,9.0,815,3771,4586,10
162,2011-06-11,summer,2011,Jun,No,Sat,No,Normal,30.0,34.0,65.0,10.0,1729,3237,4966,11
163,2011-06-12,summer,2011,Jun,No,Sun,No,Normal,28.0,32.0,75.0,11.0,1467,2993,4460,12
164,2011-06-13,summer,2011,Jun,No,Mon,Yes,Normal,26.0,30.0,49.0,20.0,863,4157,5020,13
165,2011-06-14,summer,2011,Jun,No,Tue,Yes,Normal,25.0,30.0,51.0,18.0,727,4164,4891,14
166,2011-06-15,summer,2011,Jun,No,Wed,Yes,Normal,26.0,29.0,47.0,11.0,769,4411,5180,15
167,2011-06-16,summer,2011,Jun,No,Thr,Yes,Moderate,26.0,30.0,69.0,14.0,545,3222,3767,16
168,2011-06-17,summer,2011,Jun,No,Fri,Yes,Normal,27.0,30.0,74.0,10.0,863,3981,4844,17
169,2011-06-18,summer,2011,Jun,No,Sat,No,Normal,29.0,32.0,67.0,8.0,1807,3312,5119,18
170,2011-06-19,summer,2011,Jun,No,Sun,No,Moderate,29.0,32.0,67.0,7.0,1639,3105,4744,19
171,2011-06-20,summer,2011,Jun,No,Mon,Yes,Moderate,26.0,30.0,75.0,10.0,699,3311,4010,20
172,2011-06-21,fall,2011,Jun,No,Tue,Yes,Moderate,28.0,32.0,77.0,11.0,774,4061,4835,21
173,2011-06-22,fall,2011,Jun,No,Wed,Yes,Normal,30.0,35.0,71.0,12.0,661,3846,4507,22
174,2011-06-23,fall,2011,Jun,No,Thr,Yes,Moderate,30.0,35.0,70.0,16.0,746,4044,4790,23
175,2011-06-24,fall,2011,Jun,No,Fri,Yes,Normal,30.0,33.0,57.0,15.0,969,4022,4991,24
176,2011-06-25,fall,2011,Jun,No,Sat,No,Normal,28.0,32.0,48.0,14.0,1782,3420,5202,25
177,2011-06-26,fall,2011,Jun,No,Sun,No,Normal,28.0,32.0,51.0,6.0,1920,3385,5305,26
178,2011-06-27,fall,2011,Jun,No,Mon,Yes,Moderate,28.0,32.0,66.0,7.0,854,3854,4708,27
179,2011-06-28,fall,2011,Jun,No,Tue,Yes,Normal,31.0,35.0,63.0,10.0,732,3916,4648,28
180,2011-06-29,fall,2011,Jun,No,Wed,Yes,Normal,30.0,33.0,50.0,18.0,848,4377,5225,29
181,2011-06-30,fall,2011,Jun,No,Thr,Yes,Normal,29.0,32.0,43.0,12.0,1027,4488,5515,30
182,2011-07-01,fall,2011,Jul,No,Fri,Yes,Normal,30.0,33.0,40.0,7.0,1246,4116,5362,01
183,2011-07-02,fall,2011,Jul,No,Sat,No,Normal,30.0,33.0,44.0,8.0,2204,2915,5119,02
184,2011-07-03,fall,2011,Jul,No,Sun,No,Moderate,29.0,33.0,68.0,15.0,2282,2367,4649,03
185,2011-07-04,fall,2011,Jul,Yes,Mon,No,Moderate,30.0,33.0,64.0,5.0,3065,2978,6043,04
186,2011-07-05,fall,2011,Jul,No,Tue,Yes,Normal,31.0,35.0,59.0,8.0,1031,3634,4665,05
187,2011-07-06,fall,2011,Jul,No,Wed,Yes,Normal,30.0,34.0,74.0,10.0,784,3845,4629,06
188,2011-07-07,fall,2011,Jul,No,Thr,Yes,Normal,31.0,34.0,65.0,11.0,754,3838,4592,07
189,2011-07-08,fall,2011,Jul,No,Fri,Yes,Moderate,29.0,34.0,76.0,15.0,692,3348,4040,08
190,2011-07-09,fall,2011,Jul,No,Sat,No,Normal,30.0,33.0,61.0,11.0,1988,3348,5336,09
191,2011-07-10,fall,2011,Jul,No,Sun,No,Normal,31.0,35.0,58.0,12.0,1743,3138,4881,10
192,2011-07-11,fall,2011,Jul,No,Mon,Yes,Normal,31.0,36.0,64.0,19.0,723,3363,4086,11
193,2011-07-12,fall,2011,Jul,No,Tue,Yes,Normal,33.0,37.0,56.0,13.0,662,3596,4258,12
194,2011-07-13,fall,2011,Jul,No,Wed,Yes,Normal,31.0,34.0,63.0,10.0,748,3594,4342,13
195,2011-07-14,fall,2011,Jul,No,Thr,Yes,Normal,28.0,32.0,48.0,16.0,888,4196,5084,14
196,2011-07-15,fall,2011,Jul,No,Fri,Yes,Normal,27.0,31.0,59.0,12.0,1318,4220,5538,15
197,2011-07-16,fall,2011,Jul,No,Sat,No,Normal,28.0,32.0,58.0,14.0,2418,3505,5923,16
198,2011-07-17,fall,2011,Jul,No,Sun,No,Normal,29.0,33.0,60.0,16.0,2006,3296,5302,17
199,2011-07-18,fall,2011,Jul,No,Mon,Yes,Normal,31.0,35.0,65.0,14.0,841,3617,4458,18
200,2011-07-19,fall,2011,Jul,No,Tue,Yes,Normal,32.0,37.0,65.0,9.0,752,3789,4541,19
201,2011-07-20,fall,2011,Jul,No,Wed,Yes,Normal,32.0,37.0,71.0,8.0,644,3688,4332,20
202,2011-07-21,fall,2011,Jul,No,Thr,Yes,Moderate,33.0,41.0,69.0,15.0,632,3152,3784,21
203,2011-07-22,fall,2011,Jul,No,Fri,Yes,Normal,35.0,42.0,58.0,9.0,562,2825,3387,22
204,2011-07-23,fall,2011,Jul,No,Sat,No,Normal,35.0,40.0,50.0,9.0,987,2298,3285,23
205,2011-07-24,fall,2011,Jul,No,Sun,No,Normal,34.0,40.0,55.0,11.0,1050,2556,3606,24
206,2011-07-25,fall,2011,Jul,No,Mon,Yes,Normal,30.0,36.0,76.0,6.0,568,3272,3840,25
207,2011-07-26,fall,2011,Jul,No,Tue,Yes,Normal,32.0,35.0,54.0,13.0,750,3840,4590,26
208,2011-07-27,fall,2011,Jul,No,Wed,Yes,Normal,32.0,35.0,40.0,12.0,755,3901,4656,27
209,2011-07-28,fall,2011,Jul,No,Thr,Yes,Normal,32.0,37.0,58.0,12.0,606,3784,4390,28
210,2011-07-29,fall,2011,Jul,No,Fri,Yes,Normal,34.0,39.0,54.0,12.0,670,3176,3846,29
211,2011-07-30,fall,2011,Jul,No,Sat,No,Normal,33.0,36.0,47.0,11.0,1559,2916,4475,30
212,2011-07-31,fall,2011,Jul,No,Sun,No,Normal,33.0,36.0,48.0,11.0,1524,2778,4302,31
213,2011-08-01,fall,2011,Aug,No,Mon,Yes,Normal,32.0,35.0,55.0,11.0,729,3537,4266,01
214,2011-08-02,fall,2011,Aug,No,Tue,Yes,Normal,32.0,35.0,49.0,14.0,801,4044,4845,02
215,2011-08-03,fall,2011,Aug,No,Wed,Yes,Moderate,30.0,34.0,66.0,9.0,467,3107,3574,03
216,2011-08-04,fall,2011,Aug,No,Thr,Yes,Moderate,29.0,33.0,76.0,13.0,799,3777,4576,04
217,2011-08-05,fall,2011,Aug,No,Fri,Yes,Normal,29.0,33.0,63.0,12.0,1023,3843,4866,05
218,2011-08-06,fall,2011,Aug,No,Sat,No,Moderate,29.0,34.0,76.0,15.0,1521,2773,4294,06
219,2011-08-07,fall,2011,Aug,No,Sun,No,Normal,30.0,36.0,75.0,13.0,1298,2487,3785,07
220,2011-08-08,fall,2011,Aug,No,Mon,Yes,Normal,31.0,35.0,59.0,13.0,846,3480,4326,08
221,2011-08-09,fall,2011,Aug,No,Tue,Yes,Normal,32.0,36.0,57.0,10.0,907,3695,4602,09
222,2011-08-10,fall,2011,Aug,No,Wed,Yes,Normal,31.0,34.0,42.0,13.0,884,3896,4780,10
223,2011-08-11,fall,2011,Aug,No,Thr,Yes,Normal,29.0,33.0,42.0,11.0,812,3980,4792,11
224,2011-08-12,fall,2011,Aug,No,Fri,Yes,Normal,29.0,33.0,42.0,8.0,1051,3854,4905,12
225,2011-08-13,fall,2011,Aug,No,Sat,No,Moderate,28.0,32.0,73.0,14.0,1504,2646,4150,13
226,2011-08-14,fall,2011,Aug,No,Sun,No,Moderate,28.0,31.0,82.0,15.0,1338,2482,3820,14
227,2011-08-15,fall,2011,Aug,No,Mon,Yes,Normal,27.0,31.0,71.0,14.0,775,3563,4338,15
228,2011-08-16,fall,2011,Aug,No,Tue,Yes,Normal,29.0,32.0,58.0,16.0,721,4004,4725,16
229,2011-08-17,fall,2011,Aug,No,Wed,Yes,Normal,30.0,33.0,58.0,10.0,668,4026,4694,17
230,2011-08-18,fall,2011,Aug,No,Thr,Yes,Normal,29.0,33.0,65.0,16.0,639,3166,3805,18
231,2011-08-19,fall,2011,Aug,No,Fri,Yes,Moderate,28.0,32.0,72.0,9.0,797,3356,4153,19
232,2011-08-20,fall,2011,Aug,No,Sat,No,Normal,29.0,32.0,67.0,7.0,1914,3277,5191,20
233,2011-08-21,fall,2011,Aug,No,Sun,No,Normal,29.0,34.0,77.0,17.0,1249,2624,3873,21
234,2011-08-22,fall,2011,Aug,No,Mon,Yes,Normal,28.0,32.0,47.0,19.0,833,3925,4758,22
235,2011-08-23,fall,2011,Aug,No,Tue,Yes,Normal,26.0,30.0,46.0,10.0,1281,4614,5895,23
236,2011-08-24,fall,2011,Aug,No,Wed,Yes,Normal,28.0,32.0,60.0,17.0,949,4181,5130,24
237,2011-08-25,fall,2011,Aug,No,Thr,Yes,Moderate,28.0,32.0,77.0,14.0,435,3107,3542,25
238,2011-08-26,fall,2011,Aug,No,Fri,Yes,Normal,29.0,33.0,76.0,6.0,768,3893,4661,26
239,2011-08-27,fall,2011,Aug,No,Sat,No,Moderate,28.0,32.0,85.0,25.0,226,889,1115,27
240,2011-08-28,fall,2011,Aug,No,Sun,No,Normal,29.0,32.0,56.0,20.0,1415,2919,4334,28
241,2011-08-29,fall,2011,Aug,No,Mon,Yes,Normal,26.0,30.0,55.0,11.0,729,3905,4634,29
242,2011-08-30,fall,2011,Aug,No,Tue,Yes,Normal,26.0,30.0,55.0,8.0,775,4429,5204,30
243,2011-08-31,fall,2011,Aug,No,Wed,Yes,Normal,27.0,31.0,60.0,6.0,688,4370,5058,31
244,2011-09-01,fall,2011,Sep,No,Thr,Yes,Normal,27.0,31.0,64.0,10.0,783,4332,5115,01
245,2011-09-02,fall,2011,Sep,No,Fri,Yes,Moderate,26.0,30.0,73.0,9.0,875,3852,4727,02
246,2011-09-03,fall,2011,Sep,No,Sat,No,Normal,27.0,32.0,72.0,12.0,1935,2549,4484,03
247,2011-09-04,fall,2011,Sep,No,Sun,No,Normal,29.0,33.0,74.0,14.0,2521,2419,4940,04
248,2011-09-05,fall,2011,Sep,Yes,Mon,No,Moderate,28.0,31.0,79.0,14.0,1236,2115,3351,05
249,2011-09-06,fall,2011,Sep,No,Tue,Yes,Caution,22.0,26.0,89.0,23.0,204,2506,2710,06
250,2011-09-07,fall,2011,Sep,No,Wed,Yes,Caution,25.0,27.0,92.0,7.0,118,1878,1996,07
251,2011-09-08,fall,2011,Sep,No,Thr,Yes,Caution,26.0,28.0,94.0,13.0,153,1689,1842,08
252,2011-09-09,fall,2011,Sep,No,Fri,Yes,Moderate,27.0,29.0,90.0,8.0,417,3127,3544,09
253,2011-09-10,fall,2011,Sep,No,Sat,No,Normal,27.0,30.0,75.0,10.0,1750,3595,5345,10
254,2011-09-11,fall,2011,Sep,No,Sun,No,Normal,27.0,30.0,71.0,8.0,1633,3413,5046,11
255,2011-09-12,fall,2011,Sep,No,Mon,Yes,Normal,26.0,30.0,69.0,6.0,690,4023,4713,12
256,2011-09-13,fall,2011,Sep,No,Tue,Yes,Normal,27.0,30.0,71.0,10.0,701,4062,4763,13
257,2011-09-14,fall,2011,Sep,No,Wed,Yes,Normal,28.0,31.0,70.0,11.0,647,4138,4785,14
258,2011-09-15,fall,2011,Sep,No,Thr,Yes,Moderate,24.0,28.0,71.0,18.0,428,3231,3659,15
259,2011-09-16,fall,2011,Sep,No,Fri,Yes,Moderate,19.0,23.0,59.0,11.0,742,4018,4760,16
260,2011-09-17,fall,2011,Sep,No,Sat,No,Moderate,20.0,24.0,72.0,13.0,1434,3077,4511,17
261,2011-09-18,fall,2011,Sep,No,Sun,No,Normal,21.0,25.0,70.0,12.0,1353,2921,4274,18
262,2011-09-19,fall,2011,Sep,No,Mon,Yes,Moderate,23.0,26.0,69.0,10.0,691,3848,4539,19
263,2011-09-20,fall,2011,Sep,No,Tue,Yes,Moderate,23.0,27.0,88.0,9.0,438,3203,3641,20
264,2011-09-21,fall,2011,Sep,No,Wed,Yes,Moderate,24.0,28.0,90.0,6.0,539,3813,4352,21
265,2011-09-22,fall,2011,Sep,No,Thr,Yes,Moderate,26.0,28.0,90.0,9.0,555,4240,4795,22
266,2011-09-23,winter,2011,Sep,No,Fri,Yes,Moderate,25.0,26.0,97.0,5.0,258,2137,2395,23
267,2011-09-24,winter,2011,Sep,No,Sat,No,Moderate,25.0,28.0,86.0,5.0,1776,3647,5423,24
268,2011-09-25,winter,2011,Sep,No,Sun,No,Moderate,26.0,29.0,84.0,3.0,1544,3466,5010,25
269,2011-09-26,winter,2011,Sep,No,Mon,Yes,Moderate,27.0,29.0,85.0,7.0,684,3946,4630,26
270,2011-09-27,winter,2011,Sep,No,Tue,Yes,Moderate,26.0,29.0,89.0,8.0,477,3643,4120,27
271,2011-09-28,winter,2011,Sep,No,Wed,Yes,Moderate,26.0,29.0,85.0,10.0,480,3427,3907,28
272,2011-09-29,winter,2011,Sep,No,Thr,Yes,Normal,25.0,29.0,70.0,12.0,653,4186,4839,29
273,2011-09-30,winter,2011,Sep,No,Fri,Yes,Normal,23.0,27.0,65.0,14.0,830,4372,5202,30
274,2011-10-01,winter,2011,Oct,No,Sat,No,Moderate,17.0,21.0,75.0,20.0,480,1949,2429,01
275,2011-10-02,winter,2011,Oct,No,Sun,No,Moderate,15.0,17.0,79.0,15.0,616,2302,2918,02
276,2011-10-03,winter,2011,Oct,No,Mon,Yes,Moderate,16.0,20.0,76.0,6.0,330,3240,3570,03
277,2011-10-04,winter,2011,Oct,No,Tue,Yes,Normal,20.0,24.0,71.0,14.0,486,3970,4456,04
278,2011-10-05,winter,2011,Oct,No,Wed,Yes,Normal,22.0,26.0,65.0,12.0,559,4267,4826,05
279,2011-10-06,winter,2011,Oct,No,Thr,Yes,Normal,20.0,24.0,62.0,9.0,639,4126,4765,06
280,2011-10-07,winter,2011,Oct,No,Fri,Yes,Normal,21.0,25.0,68.0,2.0,949,4036,4985,07
281,2011-10-08,winter,2011,Oct,No,Sat,No,Normal,21.0,26.0,70.0,3.0,2235,3174,5409,08
282,2011-10-09,winter,2011,Oct,No,Sun,No,Normal,22.0,26.0,73.0,4.0,2397,3114,5511,09
283,2011-10-10,winter,2011,Oct,Yes,Mon,No,Normal,23.0,27.0,73.0,3.0,1514,3603,5117,10
284,2011-10-11,winter,2011,Oct,No,Tue,Yes,Moderate,23.0,27.0,81.0,10.0,667,3896,4563,11
285,2011-10-12,winter,2011,Oct,No,Wed,Yes,Caution,22.0,26.0,91.0,17.0,217,2199,2416,12
286,2011-10-13,winter,2011,Oct,No,Thr,Yes,Moderate,24.0,28.0,90.0,9.0,290,2623,2913,13
287,2011-10-14,winter,2011,Oct,No,Fri,Yes,Moderate,23.0,26.0,72.0,15.0,529,3115,3644,14
288,2011-10-15,winter,2011,Oct,No,Sat,No,Normal,21.0,25.0,48.0,17.0,1899,3318,5217,15
289,2011-10-16,winter,2011,Oct,No,Sun,No,Normal,21.0,25.0,49.0,19.0,1748,3293,5041,16
290,2011-10-17,winter,2011,Oct,No,Mon,Yes,Normal,22.0,26.0,58.0,12.0,713,3857,4570,17
291,2011-10-18,winter,2011,Oct,No,Tue,Yes,Moderate,22.0,26.0,70.0,7.0,637,4111,4748,18
292,2011-10-19,winter,2011,Oct,No,Wed,Yes,Caution,22.0,26.0,90.0,16.0,254,2170,2424,19
293,2011-10-20,winter,2011,Oct,No,Thr,Yes,Normal,20.0,23.0,64.0,26.0,471,3724,4195,20
294,2011-10-21,winter,2011,Oct,No,Fri,Yes,Normal,18.0,21.0,57.0,15.0,676,3628,4304,21
295,2011-10-22,winter,2011,Oct,No,Sat,No,Normal,17.0,21.0,63.0,6.0,1499,2809,4308,22
296,2011-10-23,winter,2011,Oct,No,Sun,No,Normal,17.0,21.0,74.0,7.0,1619,2762,4381,23
297,2011-10-24,winter,2011,Oct,No,Mon,Yes,Normal,19.0,23.0,77.0,8.0,699,3488,4187,24
298,2011-10-25,winter,2011,Oct,No,Tue,Yes,Normal,19.0,23.0,62.0,11.0,695,3992,4687,25
299,2011-10-26,winter,2011,Oct,No,Wed,Yes,Moderate,20.0,24.0,72.0,10.0,404,3490,3894,26
300,2011-10-27,winter,2011,Oct,No,Thr,Yes,Moderate,19.0,23.0,81.0,13.0,240,2419,2659,27
301,2011-10-28,winter,2011,Oct,No,Fri,Yes,Moderate,14.0,16.0,59.0,15.0,456,3291,3747,28
302,2011-10-29,winter,2011,Oct,No,Sat,No,Caution,10.0,11.0,88.0,24.0,57,570,627,29
303,2011-10-30,winter,2011,Oct,No,Sun,No,Normal,13.0,16.0,62.0,12.0,885,2446,3331,30
304,2011-10-31,winter,2011,Oct,No,Mon,Yes,Normal,14.0,18.0,70.0,7.0,362,3307,3669,31
305,2011-11-01,winter,2011,Nov,No,Tue,Yes,Normal,16.0,20.0,68.0,9.0,410,3658,4068,01
306,2011-11-02,winter,2011,Nov,No,Wed,Yes,Normal,15.0,20.0,72.0,6.0,370,3816,4186,02
307,2011-11-03,winter,2011,Nov,No,Thr,Yes,Normal,17.0,20.0,70.0,9.0,318,3656,3974,03
308,2011-11-04,winter,2011,Nov,No,Fri,Yes,Moderate,17.0,20.0,62.0,18.0,470,3576,4046,04
309,2011-11-05,winter,2011,Nov,No,Sat,No,Normal,13.0,16.0,52.0,13.0,1156,2770,3926,05
310,2011-11-06,winter,2011,Nov,No,Sun,No,Normal,14.0,18.0,73.0,6.0,952,2697,3649,06
311,2011-11-07,winter,2011,Nov,No,Mon,Yes,Normal,16.0,20.0,76.0,4.0,373,3662,4035,07
312,2011-11-08,winter,2011,Nov,No,Tue,Yes,Normal,17.0,21.0,72.0,5.0,376,3829,4205,08
313,2011-11-09,winter,2011,Nov,No,Wed,Yes,Normal,16.0,20.0,76.0,4.0,305,3804,4109,09
314,2011-11-10,winter,2011,Nov,No,Thr,Yes,Moderate,16.0,19.0,81.0,13.0,190,2743,2933,10
315,2011-11-11,winter,2011,Nov,Yes,Fri,No,Normal,13.0,15.0,45.0,21.0,440,2928,3368,11
316,2011-11-12,winter,2011,Nov,No,Sat,No,Normal,15.0,18.0,55.0,14.0,1275,2792,4067,12
317,2011-11-13,winter,2011,Nov,No,Sun,No,Normal,18.0,22.0,46.0,19.0,1004,2713,3717,13
318,2011-11-14,winter,2011,Nov,No,Mon,Yes,Normal,22.0,26.0,59.0,21.0,595,3891,4486,14
319,2011-11-15,winter,2011,Nov,No,Tue,Yes,Moderate,22.0,25.0,69.0,13.0,449,3746,4195,15
320,2011-11-16,winter,2011,Nov,No,Wed,Yes,Caution,19.0,23.0,93.0,9.0,145,1672,1817,16
321,2011-11-17,winter,2011,Nov,No,Thr,Yes,Moderate,14.0,16.0,58.0,20.0,139,2914,3053,17
322,2011-11-18,winter,2011,Nov,No,Fri,Yes,Normal,11.0,14.0,41.0,11.0,245,3147,3392,18
323,2011-11-19,winter,2011,Nov,No,Sat,No,Normal,13.0,16.0,50.0,15.0,943,2720,3663,19
324,2011-11-20,winter,2011,Nov,No,Sun,No,Moderate,19.0,23.0,68.0,12.0,787,2733,3520,20
325,2011-11-21,winter,2011,Nov,No,Mon,Yes,Caution,18.0,22.0,91.0,9.0,220,2545,2765,21
326,2011-11-22,winter,2011,Nov,No,Tue,Yes,Caution,17.0,21.0,96.0,8.0,69,1538,1607,22
327,2011-11-23,winter,2011,Nov,No,Wed,Yes,Moderate,18.0,22.0,76.0,23.0,112,2454,2566,23
328,2011-11-24,winter,2011,Nov,Yes,Thr,No,Normal,15.0,19.0,55.0,11.0,560,935,1495,24
329,2011-11-25,winter,2011,Nov,No,Fri,Yes,Normal,15.0,19.0,64.0,7.0,1095,1697,2792,25
330,2011-11-26,winter,2011,Nov,No,Sat,No,Normal,15.0,19.0,68.0,5.0,1249,1819,3068,26
331,2011-11-27,winter,2011,Nov,No,Sun,No,Normal,19.0,23.0,70.0,14.0,810,2261,3071,27
332,2011-11-28,winter,2011,Nov,No,Mon,Yes,Normal,21.0,25.0,74.0,10.0,253,3614,3867,28
333,2011-11-29,winter,2011,Nov,No,Tue,Yes,Moderate,19.0,23.0,83.0,17.0,96,2818,2914,29
334,2011-11-30,winter,2011,Nov,No,Wed,Yes,Normal,13.0,16.0,61.0,18.0,188,3425,3613,30
335,2011-12-01,winter,2011,Dec,No,Thr,Yes,Normal,13.0,15.0,52.0,15.0,182,3545,3727,01
336,2011-12-02,winter,2011,Dec,No,Fri,Yes,Normal,13.0,17.0,63.0,7.0,268,3672,3940,02
337,2011-12-03,winter,2011,Dec,No,Sat,No,Normal,12.0,16.0,61.0,6.0,706,2908,3614,03
338,2011-12-04,winter,2011,Dec,No,Sun,No,Normal,14.0,17.0,78.0,6.0,634,2851,3485,04
339,2011-12-05,winter,2011,Dec,No,Mon,Yes,Moderate,16.0,20.0,83.0,4.0,233,3578,3811,05
340,2011-12-06,winter,2011,Dec,No,Tue,Yes,Caution,19.0,23.0,95.0,16.0,126,2468,2594,06
341,2011-12-07,winter,2011,Dec,No,Wed,Yes,Caution,17.0,20.0,97.0,18.0,50,655,705,07
342,2011-12-08,winter,2011,Dec,No,Thr,Yes,Normal,11.0,13.0,58.0,16.0,150,3172,3322,08
343,2011-12-09,winter,2011,Dec,No,Fri,Yes,Normal,12.0,16.0,70.0,6.0,261,3359,3620,09
344,2011-12-10,winter,2011,Dec,No,Sat,No,Normal,11.0,13.0,51.0,16.0,502,2688,3190,10
345,2011-12-11,winter,2011,Dec,No,Sun,No,Normal,9.0,13.0,49.0,4.0,377,2366,2743,11
346,2011-12-12,winter,2011,Dec,No,Mon,Yes,Normal,10.0,14.0,67.0,4.0,143,3167,3310,12
347,2011-12-13,winter,2011,Dec,No,Tue,Yes,Normal,12.0,15.0,59.0,9.0,155,3368,3523,13
348,2011-12-14,winter,2011,Dec,No,Wed,Yes,Moderate,13.0,17.0,66.0,4.0,178,3562,3740,14
349,2011-12-15,winter,2011,Dec,No,Thr,Yes,Moderate,17.0,21.0,63.0,18.0,181,3528,3709,15
350,2011-12-16,winter,2011,Dec,No,Fri,Yes,Moderate,15.0,18.0,50.0,17.0,178,3399,3577,16
351,2011-12-17,winter,2011,Dec,No,Sat,No,Moderate,11.0,12.0,56.0,16.0,275,2464,2739,17
352,2011-12-18,winter,2011,Dec,No,Sun,No,Normal,10.0,12.0,59.0,11.0,220,2211,2431,18
353,2011-12-19,winter,2011,Dec,No,Mon,Yes,Normal,11.0,14.0,64.0,12.0,260,3143,3403,19
354,2011-12-20,winter,2011,Dec,No,Tue,Yes,Moderate,16.0,20.0,60.0,4.0,216,3534,3750,20
355,2011-12-21,springer,2011,Dec,No,Wed,Yes,Moderate,18.0,21.0,86.0,15.0,107,2553,2660,21
356,2011-12-22,springer,2011,Dec,No,Thr,Yes,Moderate,17.0,21.0,76.0,3.0,227,2841,3068,22
357,2011-12-23,springer,2011,Dec,No,Fri,Yes,Normal,15.0,19.0,69.0,18.0,163,2046,2209,23
358,2011-12-24,springer,2011,Dec,No,Sat,No,Normal,12.0,15.0,54.0,13.0,155,856,1011,24
359,2011-12-25,springer,2011,Dec,No,Sun,No,Normal,11.0,14.0,68.0,10.0,303,451,754,25
360,2011-12-26,springer,2011,Dec,Yes,Mon,No,Normal,13.0,16.0,51.0,16.0,430,887,1317,26
361,2011-12-27,springer,2011,Dec,No,Tue,Yes,Moderate,13.0,16.0,76.0,13.0,103,1059,1162,27
362,2011-12-28,springer,2011,Dec,No,Wed,Yes,Normal,12.0,14.0,50.0,20.0,255,2047,2302,28
363,2011-12-29,springer,2011,Dec,No,Thr,Yes,Normal,10.0,13.0,57.0,8.0,254,2169,2423,29
364,2011-12-30,springer,2011,Dec,No,Fri,Yes,Normal,13.0,16.0,64.0,9.0,491,2508,2999,30
365,2011-12-31,springer,2011,Dec,No,Sat,No,Normal,17.0,21.0,62.0,15.0,665,1820,2485,31
366,2012-01-01,springer,2012,Jan,No,Sun,No,Normal,15.0,19.0,69.0,13.0,686,1608,2294,01
367,2012-01-02,springer,2012,Jan,Yes,Mon,No,Normal,11.0,13.0,38.0,22.0,244,1707,1951,02
368,2012-01-03,springer,2012,Jan,No,Tue,Yes,Normal,6.0,6.0,44.0,24.0,89,2147,2236,03
369,2012-01-04,springer,2012,Jan,No,Wed,Yes,Moderate,4.0,6.0,41.0,12.0,95,2273,2368,04
370,2012-01-05,springer,2012,Jan,No,Thr,Yes,Normal,11.0,14.0,52.0,9.0,140,3132,3272,05
371,2012-01-06,springer,2012,Jan,No,Fri,Yes,Normal,14.0,17.0,54.0,11.0,307,3791,4098,06
372,2012-01-07,springer,2012,Jan,No,Sat,No,Normal,16.0,20.0,53.0,12.0,1070,3451,4521,07
373,2012-01-08,springer,2012,Jan,No,Sun,No,Normal,14.0,17.0,46.0,13.0,599,2826,3425,08
374,2012-01-09,springer,2012,Jan,No,Mon,Yes,Moderate,9.0,12.0,70.0,7.0,106,2270,2376,09
375,2012-01-10,springer,2012,Jan,No,Tue,Yes,Normal,13.0,16.0,65.0,13.0,173,3425,3598,10
376,2012-01-11,springer,2012,Jan,No,Wed,Yes,Moderate,11.0,14.0,85.0,9.0,92,2085,2177,11
377,2012-01-12,springer,2012,Jan,No,Thr,Yes,Moderate,16.0,19.0,80.0,12.0,269,3828,4097,12
378,2012-01-13,springer,2012,Jan,No,Fri,Yes,Normal,11.0,12.0,51.0,25.0,174,3040,3214,13
379,2012-01-14,springer,2012,Jan,No,Sat,No,Normal,7.0,9.0,46.0,13.0,333,2160,2493,14
380,2012-01-15,springer,2012,Jan,No,Sun,No,Normal,7.0,8.0,42.0,17.0,284,2027,2311,15
381,2012-01-16,springer,2012,Jan,Yes,Mon,No,Normal,8.0,10.0,52.0,16.0,217,2081,2298,16
382,2012-01-17,springer,2012,Jan,No,Tue,Yes,Moderate,15.0,18.0,72.0,23.0,127,2808,2935,17
383,2012-01-18,springer,2012,Jan,No,Wed,Yes,Normal,12.0,14.0,44.0,26.0,109,3267,3376,18
384,2012-01-19,springer,2012,Jan,No,Thr,Yes,Normal,8.0,10.0,50.0,15.0,130,3162,3292,19
385,2012-01-20,springer,2012,Jan,No,Fri,Yes,Moderate,9.0,11.0,45.0,14.0,115,3048,3163,20
386,2012-01-21,springer,2012,Jan,No,Sat,No,Moderate,7.0,9.0,83.0,15.0,67,1234,1301,21
387,2012-01-22,springer,2012,Jan,No,Sun,No,Moderate,7.0,8.0,80.0,13.0,196,1781,1977,22
388,2012-01-23,springer,2012,Jan,No,Mon,Yes,Moderate,9.0,12.0,91.0,7.0,145,2287,2432,23
389,2012-01-24,springer,2012,Jan,No,Tue,Yes,Normal,14.0,17.0,84.0,8.0,439,3900,4339,24
390,2012-01-25,springer,2012,Jan,No,Wed,Yes,Normal,12.0,15.0,64.0,11.0,467,3803,4270,25
391,2012-01-26,springer,2012,Jan,No,Thr,Yes,Moderate,14.0,18.0,77.0,5.0,244,3831,4075,26
392,2012-01-27,springer,2012,Jan,No,Fri,Yes,Moderate,17.0,21.0,74.0,23.0,269,3187,3456,27
393,2012-01-28,springer,2012,Jan,No,Sat,No,Normal,13.0,16.0,54.0,14.0,775,3248,4023,28
394,2012-01-29,springer,2012,Jan,No,Sun,No,Normal,12.0,14.0,31.0,16.0,558,2685,3243,29
395,2012-01-30,springer,2012,Jan,No,Mon,Yes,Normal,11.0,13.0,40.0,14.0,126,3498,3624,30
396,2012-01-31,springer,2012,Jan,No,Tue,Yes,Normal,16.0,19.0,42.0,18.0,324,4185,4509,31
397,2012-02-01,springer,2012,Feb,No,Wed,Yes,Normal,19.0,23.0,51.0,13.0,304,4275,4579,01
398,2012-02-02,springer,2012,Feb,No,Thr,Yes,Moderate,16.0,20.0,67.0,13.0,190,3571,3761,02
399,2012-02-03,springer,2012,Feb,No,Fri,Yes,Normal,13.0,15.0,53.0,12.0,310,3841,4151,03
400,2012-02-04,springer,2012,Feb,No,Sat,No,Moderate,11.0,14.0,78.0,8.0,384,2448,2832,04
401,2012-02-05,springer,2012,Feb,No,Sun,No,Moderate,11.0,13.0,69.0,12.0,318,2629,2947,05
402,2012-02-06,springer,2012,Feb,No,Mon,Yes,Normal,12.0,15.0,62.0,10.0,206,3578,3784,06
403,2012-02-07,springer,2012,Feb,No,Tue,Yes,Normal,15.0,18.0,50.0,10.0,199,4176,4375,07
404,2012-02-08,springer,2012,Feb,No,Wed,Yes,Moderate,11.0,13.0,72.0,9.0,109,2693,2802,08
405,2012-02-09,springer,2012,Feb,No,Thr,Yes,Normal,11.0,13.0,56.0,13.0,163,3667,3830,09
406,2012-02-10,springer,2012,Feb,No,Fri,Yes,Moderate,12.0,15.0,54.0,8.0,227,3604,3831,10
407,2012-02-11,springer,2012,Feb,No,Sat,No,Caution,9.0,11.0,73.0,19.0,192,1977,2169,11
408,2012-02-12,springer,2012,Feb,No,Sun,No,Normal,5.0,5.0,46.0,26.0,73,1456,1529,12
409,2012-02-13,springer,2012,Feb,No,Mon,Yes,Normal,9.0,11.0,41.0,11.0,94,3328,3422,13
410,2012-02-14,springer,2012,Feb,No,Tue,Yes,Moderate,13.0,17.0,51.0,9.0,135,3787,3922,14
411,2012-02-15,springer,2012,Feb,No,Wed,Yes,Normal,14.0,18.0,53.0,12.0,141,4028,4169,15
412,2012-02-16,springer,2012,Feb,No,Thr,Yes,Moderate,13.0,17.0,75.0,6.0,74,2931,3005,16
413,2012-02-17,springer,2012,Feb,No,Fri,Yes,Normal,14.0,18.0,63.0,14.0,349,3805,4154,17
414,2012-02-18,springer,2012,Feb,No,Sat,No,Normal,14.0,18.0,53.0,13.0,1435,2883,4318,18
415,2012-02-19,springer,2012,Feb,No,Sun,No,Moderate,11.0,13.0,52.0,17.0,618,2071,2689,19
416,2012-02-20,springer,2012,Feb,Yes,Mon,No,Normal,11.0,14.0,51.0,15.0,502,2627,3129,20
417,2012-02-21,springer,2012,Feb,No,Tue,Yes,Normal,12.0,15.0,59.0,14.0,163,3614,3777,21
418,2012-02-22,springer,2012,Feb,No,Wed,Yes,Normal,16.0,20.0,57.0,16.0,394,4379,4773,22
419,2012-02-23,springer,2012,Feb,No,Thr,Yes,Normal,19.0,22.0,55.0,13.0,516,4546,5062,23
420,2012-02-24,springer,2012,Feb,No,Fri,Yes,Moderate,17.0,21.0,74.0,16.0,246,3241,3487,24
421,2012-02-25,springer,2012,Feb,No,Sat,No,Normal,12.0,13.0,40.0,26.0,317,2415,2732,25
422,2012-02-26,springer,2012,Feb,No,Sun,No,Normal,11.0,13.0,41.0,14.0,515,2874,3389,26
423,2012-02-27,springer,2012,Feb,No,Mon,Yes,Normal,15.0,18.0,49.0,18.0,253,4069,4322,27
424,2012-02-28,springer,2012,Feb,No,Tue,Yes,Normal,15.0,18.0,40.0,13.0,229,4134,4363,28
425,2012-02-29,springer,2012,Feb,No,Wed,Yes,Moderate,14.0,17.0,80.0,12.0,65,1769,1834,29
426,2012-03-01,springer,2012,Mar,No,Thr,Yes,Normal,20.0,24.0,62.0,15.0,325,4665,4990,01
427,2012-03-02,springer,2012,Mar,No,Fri,Yes,Moderate,14.0,18.0,66.0,10.0,246,2948,3194,02
428,2012-03-03,springer,2012,Mar,No,Sat,No,Moderate,17.0,21.0,62.0,11.0,956,3110,4066,03
429,2012-03-04,springer,2012,Mar,No,Sun,No,Normal,13.0,15.0,40.0,22.0,710,2713,3423,04
430,2012-03-05,springer,2012,Mar,No,Mon,Yes,Normal,10.0,12.0,51.0,15.0,203,3130,3333,05
431,2012-03-06,springer,2012,Mar,No,Tue,Yes,Normal,11.0,13.0,46.0,13.0,221,3735,3956,06
432,2012-03-07,springer,2012,Mar,No,Wed,Yes,Normal,17.0,19.0,51.0,23.0,432,4484,4916,07
433,2012-03-08,springer,2012,Mar,No,Thr,Yes,Normal,22.0,26.0,57.0,26.0,486,4896,5382,08
434,2012-03-09,springer,2012,Mar,No,Fri,Yes,Moderate,17.0,20.0,41.0,26.0,447,4122,4569,09
435,2012-03-10,springer,2012,Mar,No,Sat,No,Normal,12.0,14.0,35.0,15.0,968,3150,4118,10
436,2012-03-11,springer,2012,Mar,No,Sun,No,Normal,15.0,18.0,48.0,15.0,1658,3253,4911,11
437,2012-03-12,springer,2012,Mar,No,Mon,Yes,Normal,19.0,23.0,49.0,14.0,838,4460,5298,12
438,2012-03-13,springer,2012,Mar,No,Tue,Yes,Normal,23.0,27.0,62.0,16.0,762,5085,5847,13
439,2012-03-14,springer,2012,Mar,No,Wed,Yes,Normal,23.0,27.0,51.0,8.0,997,5315,6312,14
440,2012-03-15,springer,2012,Mar,No,Thr,Yes,Normal,23.0,27.0,58.0,10.0,1005,5187,6192,15
441,2012-03-16,springer,2012,Mar,No,Fri,Yes,Moderate,18.0,22.0,84.0,8.0,548,3830,4378,16
442,2012-03-17,springer,2012,Mar,No,Sat,No,Moderate,21.0,25.0,76.0,7.0,3155,4681,7836,17
443,2012-03-18,springer,2012,Mar,No,Sun,No,Moderate,19.0,23.0,81.0,9.0,2207,3685,5892,18
444,2012-03-19,springer,2012,Mar,No,Mon,Yes,Normal,22.0,27.0,73.0,11.0,982,5171,6153,19
445,2012-03-20,springer,2012,Mar,No,Tue,Yes,Normal,23.0,27.0,81.0,8.0,1051,5042,6093,20
446,2012-03-21,summer,2012,Mar,No,Wed,Yes,Moderate,22.0,26.0,82.0,6.0,1122,5108,6230,21
447,2012-03-22,summer,2012,Mar,No,Thr,Yes,Normal,23.0,27.0,83.0,8.0,1334,5537,6871,22
448,2012-03-23,summer,2012,Mar,No,Fri,Yes,Moderate,25.0,29.0,69.0,8.0,2469,5893,8362,23
449,2012-03-24,summer,2012,Mar,No,Sat,No,Moderate,21.0,24.0,89.0,13.0,1033,2339,3372,24
450,2012-03-25,summer,2012,Mar,No,Sun,No,Moderate,18.0,22.0,88.0,15.0,1532,3464,4996,25
451,2012-03-26,summer,2012,Mar,No,Mon,Yes,Normal,18.0,22.0,48.0,26.0,795,4763,5558,26
452,2012-03-27,summer,2012,Mar,No,Tue,Yes,Normal,13.0,16.0,29.0,13.0,531,4571,5102,27
453,2012-03-28,summer,2012,Mar,No,Wed,Yes,Normal,20.0,24.0,48.0,20.0,674,5024,5698,28
454,2012-03-29,summer,2012,Mar,No,Thr,Yes,Normal,20.0,24.0,44.0,21.0,834,5299,6133,29
455,2012-03-30,summer,2012,Mar,No,Fri,Yes,Moderate,15.0,19.0,58.0,9.0,796,4663,5459,30
456,2012-03-31,summer,2012,Mar,No,Sat,No,Moderate,17.0,21.0,74.0,17.0,2301,3934,6235,31
457,2012-04-01,summer,2012,Apr,No,Sun,No,Moderate,17.0,21.0,68.0,12.0,2347,3694,6041,01
458,2012-04-02,summer,2012,Apr,No,Mon,Yes,Normal,18.0,21.0,50.0,21.0,1208,4728,5936,02
459,2012-04-03,summer,2012,Apr,No,Tue,Yes,Normal,19.0,23.0,40.0,7.0,1348,5424,6772,03
460,2012-04-04,summer,2012,Apr,No,Wed,Yes,Normal,22.0,27.0,47.0,12.0,1058,5378,6436,04
461,2012-04-05,summer,2012,Apr,No,Thr,Yes,Normal,18.0,22.0,37.0,15.0,1192,5265,6457,05
462,2012-04-06,summer,2012,Apr,No,Fri,Yes,Normal,17.0,20.0,38.0,20.0,1807,4653,6460,06
463,2012-04-07,summer,2012,Apr,No,Sat,No,Normal,18.0,21.0,25.0,18.0,3252,3605,6857,07
464,2012-04-08,summer,2012,Apr,No,Sun,No,Normal,20.0,25.0,28.0,16.0,2230,2939,5169,08
465,2012-04-09,summer,2012,Apr,No,Mon,Yes,Normal,20.0,24.0,32.0,24.0,905,4680,5585,09
466,2012-04-10,summer,2012,Apr,No,Tue,Yes,Normal,18.0,22.0,44.0,17.0,819,5099,5918,10
467,2012-04-11,summer,2012,Apr,No,Wed,Yes,Normal,14.0,17.0,47.0,20.0,482,4380,4862,11
468,2012-04-12,summer,2012,Apr,No,Thr,Yes,Normal,16.0,19.0,47.0,19.0,663,4746,5409,12
469,2012-04-13,summer,2012,Apr,No,Fri,Yes,Normal,18.0,22.0,41.0,10.0,1252,5146,6398,13
470,2012-04-14,summer,2012,Apr,No,Sat,No,Normal,20.0,24.0,50.0,13.0,2795,4665,7460,14
471,2012-04-15,summer,2012,Apr,No,Sun,No,Normal,25.0,29.0,51.0,15.0,2846,4286,7132,15
472,2012-04-16,summer,2012,Apr,Yes,Mon,No,Normal,27.0,31.0,56.0,19.0,1198,5172,6370,16
473,2012-04-17,summer,2012,Apr,No,Tue,Yes,Normal,25.0,30.0,39.0,18.0,989,5702,6691,17
474,2012-04-18,summer,2012,Apr,No,Wed,Yes,Moderate,19.0,23.0,57.0,11.0,347,4020,4367,18
475,2012-04-19,summer,2012,Apr,No,Thr,Yes,Normal,20.0,25.0,61.0,4.0,846,5719,6565,19
476,2012-04-20,summer,2012,Apr,No,Fri,Yes,Normal,22.0,26.0,69.0,10.0,1340,5950,7290,20
477,2012-04-21,summer,2012,Apr,No,Sat,No,Normal,23.0,27.0,68.0,19.0,2541,4083,6624,21
478,2012-04-22,summer,2012,Apr,No,Sun,No,Caution,16.0,19.0,84.0,23.0,120,907,1027,22
479,2012-04-23,summer,2012,Apr,No,Mon,Yes,Moderate,13.0,15.0,77.0,20.0,195,3019,3214,23
480,2012-04-24,summer,2012,Apr,No,Tue,Yes,Normal,17.0,20.0,45.0,17.0,518,5115,5633,24
481,2012-04-25,summer,2012,Apr,No,Wed,Yes,Normal,20.0,24.0,43.0,8.0,655,5541,6196,25
482,2012-04-26,summer,2012,Apr,No,Thr,Yes,Moderate,20.0,24.0,76.0,12.0,475,4551,5026,26
483,2012-04-27,summer,2012,Apr,No,Fri,Yes,Normal,19.0,23.0,40.0,23.0,1014,5219,6233,27
484,2012-04-28,summer,2012,Apr,No,Sat,No,Moderate,15.0,19.0,49.0,9.0,1120,3100,4220,28
485,2012-04-29,summer,2012,Apr,No,Sun,No,Normal,19.0,23.0,59.0,8.0,2229,4075,6304,29
486,2012-04-30,summer,2012,Apr,No,Mon,Yes,Moderate,19.0,23.0,57.0,11.0,665,4907,5572,30
487,2012-05-01,summer,2012,May,No,Tue,Yes,Moderate,25.0,29.0,66.0,10.0,653,5087,5740,01
488,2012-05-02,summer,2012,May,No,Wed,Yes,Normal,23.0,27.0,80.0,9.0,667,5502,6169,02
489,2012-05-03,summer,2012,May,No,Thr,Yes,Moderate,23.0,27.0,77.0,9.0,764,5657,6421,03
490,2012-05-04,summer,2012,May,No,Fri,Yes,Normal,26.0,30.0,74.0,11.0,1069,5227,6296,04
491,2012-05-05,summer,2012,May,No,Sat,No,Moderate,25.0,29.0,76.0,10.0,2496,4387,6883,05
492,2012-05-06,summer,2012,May,No,Sun,No,Moderate,23.0,27.0,74.0,10.0,2135,4224,6359,06
493,2012-05-07,summer,2012,May,No,Mon,Yes,Moderate,22.0,26.0,66.0,15.0,1008,5265,6273,07
494,2012-05-08,summer,2012,May,No,Tue,Yes,Moderate,24.0,28.0,69.0,20.0,738,4990,5728,08
495,2012-05-09,summer,2012,May,No,Wed,Yes,Moderate,24.0,28.0,74.0,14.0,620,4097,4717,09
496,2012-05-10,summer,2012,May,No,Thr,Yes,Normal,21.0,25.0,55.0,21.0,1026,5546,6572,10
497,2012-05-11,summer,2012,May,No,Fri,Yes,Normal,22.0,26.0,36.0,16.0,1319,5711,7030,11
498,2012-05-12,summer,2012,May,No,Sat,No,Normal,23.0,27.0,48.0,8.0,2622,4807,7429,12
499,2012-05-13,summer,2012,May,No,Sun,No,Normal,25.0,29.0,58.0,15.0,2172,3946,6118,13
500,2012-05-14,summer,2012,May,No,Mon,Yes,Moderate,24.0,27.0,79.0,14.0,342,2501,2843,14
501,2012-05-15,summer,2012,May,No,Tue,Yes,Moderate,25.0,29.0,79.0,10.0,625,4490,5115,15
502,2012-05-16,summer,2012,May,No,Wed,Yes,Normal,26.0,30.0,70.0,8.0,991,6433,7424,16
503,2012-05-17,summer,2012,May,No,Thr,Yes,Normal,24.0,29.0,52.0,15.0,1242,6142,7384,17
504,2012-05-18,summer,2012,May,No,Fri,Yes,Normal,23.0,28.0,52.0,9.0,1521,6118,7639,18
505,2012-05-19,summer,2012,May,No,Sat,No,Normal,25.0,28.0,46.0,6.0,3410,4884,8294,19
506,2012-05-20,summer,2012,May,No,Sun,No,Normal,25.0,29.0,53.0,17.0,2704,4425,7129,20
507,2012-05-21,summer,2012,May,No,Mon,Yes,Moderate,25.0,28.0,81.0,16.0,630,3729,4359,21
508,2012-05-22,summer,2012,May,No,Tue,Yes,Moderate,25.0,29.0,77.0,8.0,819,5254,6073,22
509,2012-05-23,summer,2012,May,No,Wed,Yes,Moderate,25.0,29.0,77.0,7.0,766,4494,5260,23
510,2012-05-24,summer,2012,May,No,Thr,Yes,Normal,27.0,30.0,72.0,12.0,1059,5711,6770,24
511,2012-05-25,summer,2012,May,No,Fri,Yes,Normal,28.0,31.0,75.0,9.0,1417,5317,6734,25
512,2012-05-26,summer,2012,May,No,Sat,No,Normal,28.0,32.0,73.0,13.0,2855,3681,6536,26
513,2012-05-27,summer,2012,May,No,Sun,No,Normal,28.0,32.0,70.0,14.0,3283,3308,6591,27
514,2012-05-28,summer,2012,May,Yes,Mon,No,Normal,29.0,34.0,68.0,13.0,2557,3486,6043,28
515,2012-05-29,summer,2012,May,No,Tue,Yes,Normal,30.0,34.0,68.0,20.0,880,4863,5743,29
516,2012-05-30,summer,2012,May,No,Wed,Yes,Moderate,27.0,31.0,67.0,9.0,745,6110,6855,30
517,2012-05-31,summer,2012,May,No,Thr,Yes,Normal,28.0,32.0,49.0,13.0,1100,6238,7338,31
518,2012-06-01,summer,2012,Jun,No,Fri,Yes,Moderate,27.0,30.0,76.0,16.0,533,3594,4127,01
519,2012-06-02,summer,2012,Jun,No,Sat,No,Normal,24.0,28.0,55.0,12.0,2795,5325,8120,02
520,2012-06-03,summer,2012,Jun,No,Sun,No,Normal,25.0,29.0,49.0,12.0,2494,5147,7641,03
521,2012-06-04,summer,2012,Jun,No,Mon,Yes,Normal,24.0,29.0,49.0,19.0,1071,5927,6998,04
522,2012-06-05,summer,2012,Jun,No,Tue,Yes,Moderate,22.0,26.0,61.0,14.0,968,6033,7001,05
523,2012-06-06,summer,2012,Jun,No,Wed,Yes,Normal,23.0,27.0,61.0,5.0,1027,6028,7055,06
524,2012-06-07,summer,2012,Jun,No,Thr,Yes,Normal,25.0,28.0,57.0,11.0,1038,6456,7494,07
525,2012-06-08,summer,2012,Jun,No,Fri,Yes,Normal,27.0,30.0,47.0,12.0,1488,6248,7736,08
526,2012-06-09,summer,2012,Jun,No,Sat,No,Normal,29.0,32.0,44.0,10.0,2708,4790,7498,09
527,2012-06-10,summer,2012,Jun,No,Sun,No,Normal,30.0,33.0,54.0,9.0,2224,4374,6598,10
528,2012-06-11,summer,2012,Jun,No,Mon,Yes,Moderate,30.0,33.0,59.0,14.0,1017,5647,6664,11
529,2012-06-12,summer,2012,Jun,No,Tue,Yes,Moderate,27.0,30.0,83.0,14.0,477,4495,4972,12
530,2012-06-13,summer,2012,Jun,No,Wed,Yes,Normal,27.0,31.0,58.0,23.0,1173,6248,7421,13
531,2012-06-14,summer,2012,Jun,No,Thr,Yes,Normal,27.0,31.0,57.0,17.0,1180,6183,7363,14
532,2012-06-15,summer,2012,Jun,No,Fri,Yes,Normal,26.0,30.0,59.0,12.0,1563,6102,7665,15
533,2012-06-16,summer,2012,Jun,No,Sat,No,Normal,26.0,30.0,50.0,11.0,2963,4739,7702,16
534,2012-06-17,summer,2012,Jun,No,Sun,No,Normal,24.0,29.0,60.0,10.0,2634,4344,6978,17
535,2012-06-18,summer,2012,Jun,No,Mon,Yes,Moderate,23.0,27.0,78.0,12.0,653,4446,5099,18
536,2012-06-19,summer,2012,Jun,No,Tue,Yes,Normal,28.0,33.0,69.0,10.0,968,5857,6825,19
537,2012-06-20,summer,2012,Jun,No,Wed,Yes,Normal,32.0,36.0,59.0,8.0,872,5339,6211,20
538,2012-06-21,fall,2012,Jun,No,Thr,Yes,Normal,33.0,38.0,57.0,8.0,778,5127,5905,21
539,2012-06-22,fall,2012,Jun,No,Fri,Yes,Normal,32.0,36.0,57.0,12.0,964,4859,5823,22
540,2012-06-23,fall,2012,Jun,No,Sat,No,Normal,30.0,33.0,53.0,12.0,2657,4801,7458,23
541,2012-06-24,fall,2012,Jun,No,Sun,No,Normal,30.0,34.0,48.0,10.0,2551,4340,6891,24
542,2012-06-25,fall,2012,Jun,No,Mon,Yes,Normal,29.0,33.0,50.0,20.0,1139,5640,6779,25
543,2012-06-26,fall,2012,Jun,No,Tue,Yes,Normal,26.0,30.0,37.0,23.0,1077,6365,7442,26
544,2012-06-27,fall,2012,Jun,No,Wed,Yes,Normal,29.0,32.0,36.0,18.0,1077,6258,7335,27
545,2012-06-28,fall,2012,Jun,No,Thr,Yes,Normal,31.0,34.0,42.0,12.0,921,5958,6879,28
546,2012-06-29,fall,2012,Jun,No,Fri,Yes,Normal,34.0,39.0,49.0,11.0,829,4634,5463,29
547,2012-06-30,fall,2012,Jun,No,Sat,No,Normal,31.0,34.0,60.0,11.0,1455,4232,5687,30
548,2012-07-01,fall,2012,Jul,No,Sun,No,Normal,33.0,38.0,52.0,11.0,1421,4110,5531,01
549,2012-07-02,fall,2012,Jul,No,Mon,Yes,Normal,32.0,35.0,45.0,13.0,904,5323,6227,02
550,2012-07-03,fall,2012,Jul,No,Tue,Yes,Normal,32.0,35.0,49.0,8.0,1052,5608,6660,03
551,2012-07-04,fall,2012,Jul,Yes,Wed,No,Normal,32.0,37.0,54.0,9.0,2562,4841,7403,04
552,2012-07-05,fall,2012,Jul,No,Thr,Yes,Normal,34.0,38.0,46.0,13.0,1405,4836,6241,05
553,2012-07-06,fall,2012,Jul,No,Fri,Yes,Normal,34.0,38.0,45.0,10.0,1366,4841,6207,06
554,2012-07-07,fall,2012,Jul,No,Sat,No,Normal,35.0,40.0,49.0,11.0,1448,3392,4840,07
555,2012-07-08,fall,2012,Jul,No,Sun,No,Normal,34.0,40.0,57.0,8.0,1203,3469,4672,08
556,2012-07-09,fall,2012,Jul,No,Mon,Yes,Moderate,29.0,33.0,68.0,12.0,998,5571,6569,09
557,2012-07-10,fall,2012,Jul,No,Tue,Yes,Moderate,30.0,33.0,67.0,10.0,954,5336,6290,10
558,2012-07-11,fall,2012,Jul,No,Wed,Yes,Normal,29.0,33.0,63.0,10.0,975,6289,7264,11
559,2012-07-12,fall,2012,Jul,No,Thr,Yes,Normal,29.0,33.0,53.0,10.0,1032,6414,7446,12
560,2012-07-13,fall,2012,Jul,No,Fri,Yes,Moderate,30.0,33.0,49.0,5.0,1511,5988,7499,13
561,2012-07-14,fall,2012,Jul,No,Sat,No,Moderate,29.0,33.0,70.0,10.0,2355,4614,6969,14
562,2012-07-15,fall,2012,Jul,No,Sun,No,Normal,31.0,35.0,72.0,11.0,1920,4111,6031,15
563,2012-07-16,fall,2012,Jul,No,Mon,Yes,Normal,31.0,36.0,64.0,11.0,1088,5742,6830,16
564,2012-07-17,fall,2012,Jul,No,Tue,Yes,Normal,34.0,38.0,51.0,8.0,921,5865,6786,17
565,2012-07-18,fall,2012,Jul,No,Wed,Yes,Normal,33.0,37.0,58.0,9.0,799,4914,5713,18
566,2012-07-19,fall,2012,Jul,No,Thr,Yes,Normal,32.0,36.0,60.0,11.0,888,5703,6591,19
567,2012-07-20,fall,2012,Jul,No,Fri,Yes,Moderate,27.0,31.0,84.0,14.0,747,5123,5870,20
568,2012-07-21,fall,2012,Jul,No,Sat,No,Caution,24.0,27.0,87.0,14.0,1264,3195,4459,21
569,2012-07-22,fall,2012,Jul,No,Sun,No,Moderate,27.0,31.0,76.0,6.0,2544,4866,7410,22
570,2012-07-23,fall,2012,Jul,No,Mon,Yes,Normal,30.0,35.0,69.0,9.0,1135,5831,6966,23
571,2012-07-24,fall,2012,Jul,No,Tue,Yes,Normal,31.0,35.0,66.0,14.0,1140,6452,7592,24
572,2012-07-25,fall,2012,Jul,No,Wed,Yes,Normal,30.0,33.0,45.0,11.0,1383,6790,8173,25
573,2012-07-26,fall,2012,Jul,No,Thr,Yes,Normal,32.0,37.0,60.0,19.0,1036,5825,6861,26
574,2012-07-27,fall,2012,Jul,No,Fri,Yes,Normal,32.0,37.0,59.0,10.0,1259,5645,6904,27
575,2012-07-28,fall,2012,Jul,No,Sat,No,Normal,31.0,35.0,61.0,11.0,2234,4451,6685,28
576,2012-07-29,fall,2012,Jul,No,Sun,No,Normal,30.0,33.0,62.0,11.0,2153,4444,6597,29
577,2012-07-30,fall,2012,Jul,No,Mon,Yes,Normal,30.0,34.0,67.0,10.0,1040,6065,7105,30
578,2012-07-31,fall,2012,Jul,No,Tue,Yes,Normal,29.0,33.0,70.0,11.0,968,6248,7216,31
579,2012-08-01,fall,2012,Aug,No,Wed,Yes,Normal,29.0,33.0,68.0,9.0,1074,6506,7580,01
580,2012-08-02,fall,2012,Aug,No,Thr,Yes,Normal,31.0,35.0,66.0,9.0,983,6278,7261,02
581,2012-08-03,fall,2012,Aug,No,Fri,Yes,Moderate,31.0,36.0,64.0,14.0,1328,5847,7175,03
582,2012-08-04,fall,2012,Aug,No,Sat,No,Normal,33.0,38.0,61.0,17.0,2345,4479,6824,04
583,2012-08-05,fall,2012,Aug,No,Sun,No,Normal,32.0,37.0,65.0,19.0,1707,3757,5464,05
584,2012-08-06,fall,2012,Aug,No,Mon,Yes,Moderate,31.0,36.0,65.0,9.0,1233,5780,7013,06
585,2012-08-07,fall,2012,Aug,No,Tue,Yes,Moderate,30.0,35.0,70.0,8.0,1278,5995,7273,07
586,2012-08-08,fall,2012,Aug,No,Wed,Yes,Moderate,31.0,35.0,67.0,7.0,1263,6271,7534,08
587,2012-08-09,fall,2012,Aug,No,Thr,Yes,Normal,31.0,35.0,62.0,10.0,1196,6090,7286,09
588,2012-08-10,fall,2012,Aug,No,Fri,Yes,Moderate,29.0,33.0,72.0,16.0,1065,4721,5786,10
589,2012-08-11,fall,2012,Aug,No,Sat,No,Moderate,28.0,32.0,73.0,14.0,2247,4052,6299,11
590,2012-08-12,fall,2012,Aug,No,Sun,No,Normal,29.0,32.0,53.0,8.0,2182,4362,6544,12
591,2012-08-13,fall,2012,Aug,No,Mon,Yes,Normal,30.0,33.0,55.0,9.0,1207,5676,6883,13
592,2012-08-14,fall,2012,Aug,No,Tue,Yes,Normal,30.0,34.0,69.0,11.0,1128,5656,6784,14
593,2012-08-15,fall,2012,Aug,No,Wed,Yes,Normal,29.0,33.0,62.0,11.0,1198,6149,7347,15
594,2012-08-16,fall,2012,Aug,No,Thr,Yes,Normal,29.0,33.0,52.0,10.0,1338,6267,7605,16
595,2012-08-17,fall,2012,Aug,No,Fri,Yes,Normal,30.0,12.0,57.0,16.0,1483,5665,7148,17
596,2012-08-18,fall,2012,Aug,No,Sat,No,Normal,28.0,31.0,60.0,12.0,2827,5038,7865,18
597,2012-08-19,fall,2012,Aug,No,Sun,No,Moderate,26.0,30.0,71.0,6.0,1208,3341,4549,19
598,2012-08-20,fall,2012,Aug,No,Mon,Yes,Moderate,26.0,30.0,73.0,9.0,1026,5504,6530,20
599,2012-08-21,fall,2012,Aug,No,Tue,Yes,Normal,27.0,30.0,67.0,5.0,1081,5925,7006,21
600,2012-08-22,fall,2012,Aug,No,Wed,Yes,Normal,27.0,31.0,68.0,5.0,1094,6281,7375,22
601,2012-08-23,fall,2012,Aug,No,Thr,Yes,Normal,29.0,32.0,64.0,6.0,1363,6402,7765,23
602,2012-08-24,fall,2012,Aug,No,Fri,Yes,Moderate,29.0,32.0,62.0,5.0,1325,6257,7582,24
603,2012-08-25,fall,2012,Aug,No,Sat,No,Moderate,27.0,31.0,71.0,16.0,1829,4224,6053,25
604,2012-08-26,fall,2012,Aug,No,Sun,No,Moderate,27.0,30.0,85.0,15.0,1483,3772,5255,26
605,2012-08-27,fall,2012,Aug,No,Mon,Yes,Normal,29.0,33.0,73.0,9.0,989,5928,6917,27
606,2012-08-28,fall,2012,Aug,No,Tue,Yes,Normal,30.0,33.0,62.0,13.0,935,6105,7040,28
607,2012-08-29,fall,2012,Aug,No,Wed,Yes,Normal,28.0,32.0,55.0,8.0,1177,6520,7697,29
608,2012-08-30,fall,2012,Aug,No,Thr,Yes,Normal,29.0,33.0,59.0,5.0,1172,6541,7713,30
609,2012-08-31,fall,2012,Aug,No,Fri,Yes,Normal,31.0,34.0,59.0,11.0,1433,5917,7350,31
610,2012-09-01,fall,2012,Sep,No,Sat,No,Moderate,31.0,35.0,64.0,8.0,2352,3788,6140,01
611,2012-09-02,fall,2012,Sep,No,Sun,No,Moderate,29.0,32.0,82.0,4.0,2613,3197,5810,02
612,2012-09-03,fall,2012,Sep,Yes,Mon,No,Normal,29.0,33.0,79.0,10.0,1965,4069,6034,03
613,2012-09-04,fall,2012,Sep,No,Tue,Yes,Normal,30.0,34.0,76.0,16.0,867,5997,6864,04
614,2012-09-05,fall,2012,Sep,No,Wed,Yes,Normal,30.0,35.0,74.0,13.0,832,6280,7112,05
615,2012-09-06,fall,2012,Sep,No,Thr,Yes,Moderate,29.0,33.0,81.0,10.0,611,5592,6203,06
616,2012-09-07,fall,2012,Sep,No,Fri,Yes,Normal,29.0,33.0,74.0,12.0,1045,6459,7504,07
617,2012-09-08,fall,2012,Sep,No,Sat,No,Moderate,27.0,31.0,80.0,19.0,1557,4419,5976,08
618,2012-09-09,fall,2012,Sep,No,Sun,No,Normal,25.0,29.0,55.0,15.0,2570,5657,8227,09
619,2012-09-10,fall,2012,Sep,No,Mon,Yes,Normal,24.0,28.0,50.0,17.0,1118,6407,7525,10
620,2012-09-11,fall,2012,Sep,No,Tue,Yes,Normal,24.0,28.0,52.0,6.0,1070,6697,7767,11
621,2012-09-12,fall,2012,Sep,No,Wed,Yes,Normal,25.0,29.0,58.0,9.0,1050,6820,7870,12
622,2012-09-13,fall,2012,Sep,No,Thr,Yes,Normal,25.0,29.0,64.0,6.0,1054,6750,7804,13
623,2012-09-14,fall,2012,Sep,No,Fri,Yes,Normal,26.0,30.0,67.0,7.0,1379,6630,8009,14
624,2012-09-15,fall,2012,Sep,No,Sat,No,Normal,25.0,29.0,50.0,17.0,3160,5554,8714,15
625,2012-09-16,fall,2012,Sep,No,Sun,No,Normal,24.0,28.0,57.0,6.0,2166,5167,7333,16
626,2012-09-17,fall,2012,Sep,No,Mon,Yes,Moderate,24.0,28.0,73.0,10.0,1022,5847,6869,17
627,2012-09-18,fall,2012,Sep,No,Tue,Yes,Moderate,26.0,28.0,87.0,24.0,371,3702,4073,18
628,2012-09-19,fall,2012,Sep,No,Wed,Yes,Normal,23.0,27.0,54.0,14.0,788,6803,7591,19
629,2012-09-20,fall,2012,Sep,No,Thr,Yes,Normal,22.0,27.0,62.0,8.0,939,6781,7720,20
630,2012-09-21,fall,2012,Sep,No,Fri,Yes,Normal,25.0,29.0,67.0,10.0,1250,6917,8167,21
631,2012-09-22,fall,2012,Sep,No,Sat,No,Normal,27.0,31.0,65.0,19.0,2512,5883,8395,22
632,2012-09-23,winter,2012,Sep,No,Sun,No,Normal,22.0,26.0,47.0,15.0,2454,5453,7907,23
633,2012-09-24,winter,2012,Sep,No,Mon,Yes,Normal,21.0,25.0,49.0,10.0,1001,6435,7436,24
634,2012-09-25,winter,2012,Sep,No,Tue,Yes,Normal,23.0,27.0,57.0,16.0,845,6693,7538,25
635,2012-09-26,winter,2012,Sep,No,Wed,Yes,Normal,26.0,30.0,63.0,16.0,787,6946,7733,26
636,2012-09-27,winter,2012,Sep,No,Thr,Yes,Moderate,27.0,30.0,69.0,9.0,751,6642,7393,27
637,2012-09-28,winter,2012,Sep,No,Fri,Yes,Moderate,25.0,29.0,69.0,11.0,1045,6370,7415,28
638,2012-09-29,winter,2012,Sep,No,Sat,No,Normal,22.0,27.0,54.0,15.0,2589,5966,8555,29
639,2012-09-30,winter,2012,Sep,No,Sun,No,Normal,22.0,26.0,58.0,9.0,2015,4874,6889,30
640,2012-10-01,winter,2012,Oct,No,Mon,Yes,Moderate,21.0,26.0,65.0,6.0,763,6015,6778,01
641,2012-10-02,winter,2012,Oct,No,Tue,Yes,Caution,24.0,27.0,87.0,7.0,315,4324,4639,02
642,2012-10-03,winter,2012,Oct,No,Wed,Yes,Moderate,27.0,30.0,79.0,4.0,728,6844,7572,03
643,2012-10-04,winter,2012,Oct,No,Thr,Yes,Moderate,27.0,30.0,72.0,8.0,891,6437,7328,04
644,2012-10-05,winter,2012,Oct,No,Fri,Yes,Normal,25.0,29.0,63.0,7.0,1516,6640,8156,05
645,2012-10-06,winter,2012,Oct,No,Sat,No,Normal,23.0,27.0,66.0,18.0,3031,4934,7965,06
646,2012-10-07,winter,2012,Oct,No,Sun,No,Moderate,17.0,21.0,71.0,9.0,781,2729,3510,07
647,2012-10-08,winter,2012,Oct,Yes,Mon,No,Moderate,16.0,19.0,71.0,13.0,874,4604,5478,08
648,2012-10-09,winter,2012,Oct,No,Tue,Yes,Moderate,18.0,22.0,76.0,13.0,601,5791,6392,09
649,2012-10-10,winter,2012,Oct,No,Wed,Yes,Normal,21.0,25.0,63.0,13.0,780,6911,7691,10
650,2012-10-11,winter,2012,Oct,No,Thr,Yes,Normal,18.0,22.0,46.0,12.0,834,6736,7570,11
651,2012-10-12,winter,2012,Oct,No,Fri,Yes,Normal,18.0,22.0,54.0,16.0,1060,6222,7282,12
652,2012-10-13,winter,2012,Oct,No,Sat,No,Normal,16.0,20.0,49.0,10.0,2252,4857,7109,13
653,2012-10-14,winter,2012,Oct,No,Sun,No,Normal,21.0,25.0,64.0,19.0,2080,4559,6639,14
654,2012-10-15,winter,2012,Oct,No,Mon,Yes,Moderate,23.0,27.0,71.0,20.0,760,5115,5875,15
655,2012-10-16,winter,2012,Oct,No,Tue,Yes,Normal,19.0,23.0,56.0,12.0,922,6612,7534,16
656,2012-10-17,winter,2012,Oct,No,Wed,Yes,Normal,19.0,23.0,69.0,7.0,979,6482,7461,17
657,2012-10-18,winter,2012,Oct,No,Thr,Yes,Moderate,21.0,26.0,73.0,16.0,1008,6501,7509,18
658,2012-10-19,winter,2012,Oct,No,Fri,Yes,Moderate,23.0,27.0,82.0,9.0,753,4671,5424,19
659,2012-10-20,winter,2012,Oct,No,Sat,No,Normal,20.0,24.0,57.0,8.0,2806,5284,8090,20
660,2012-10-21,winter,2012,Oct,No,Sun,No,Normal,19.0,23.0,51.0,11.0,2132,4692,6824,21
661,2012-10-22,winter,2012,Oct,No,Mon,Yes,Normal,20.0,24.0,57.0,5.0,830,6228,7058,22
662,2012-10-23,winter,2012,Oct,No,Tue,Yes,Normal,22.0,27.0,64.0,6.0,841,6625,7466,23
663,2012-10-24,winter,2012,Oct,No,Wed,Yes,Normal,24.0,28.0,64.0,5.0,795,6898,7693,24
664,2012-10-25,winter,2012,Oct,No,Thr,Yes,Moderate,23.0,26.0,80.0,8.0,875,6484,7359,25
665,2012-10-26,winter,2012,Oct,No,Fri,Yes,Moderate,22.0,26.0,81.0,9.0,1182,6262,7444,26
666,2012-10-27,winter,2012,Oct,No,Sat,No,Moderate,22.0,26.0,72.0,16.0,2643,5209,7852,27
667,2012-10-28,winter,2012,Oct,No,Sun,No,Moderate,20.0,23.0,69.0,26.0,998,3461,4459,28
668,2012-10-29,winter,2012,Oct,No,Mon,Yes,Caution,18.0,22.0,88.0,24.0,2,20,22,29
669,2012-10-30,winter,2012,Oct,No,Tue,Yes,Moderate,13.0,15.0,83.0,14.0,87,1009,1096,30
670,2012-10-31,winter,2012,Oct,No,Wed,Yes,Moderate,15.0,18.0,67.0,11.0,419,5147,5566,31
671,2012-11-01,winter,2012,Nov,No,Thr,Yes,Moderate,15.0,18.0,58.0,11.0,466,5520,5986,01
672,2012-11-02,winter,2012,Nov,No,Fri,Yes,Normal,15.0,18.0,52.0,18.0,618,5229,5847,02
673,2012-11-03,winter,2012,Nov,No,Sat,No,Moderate,14.0,16.0,49.0,18.0,1029,4109,5138,03
674,2012-11-04,winter,2012,Nov,No,Sun,No,Normal,13.0,16.0,53.0,12.0,1201,3906,5107,04
675,2012-11-05,winter,2012,Nov,No,Mon,Yes,Normal,13.0,15.0,49.0,16.0,378,4881,5259,05
676,2012-11-06,winter,2012,Nov,No,Tue,Yes,Normal,12.0,14.0,57.0,12.0,466,5220,5686,06
677,2012-11-07,winter,2012,Nov,No,Wed,Yes,Moderate,12.0,14.0,55.0,20.0,326,4709,5035,07
678,2012-11-08,winter,2012,Nov,No,Thr,Yes,Normal,14.0,17.0,33.0,23.0,340,4975,5315,08
679,2012-11-09,winter,2012,Nov,No,Fri,Yes,Normal,15.0,18.0,54.0,14.0,709,5283,5992,09
680,2012-11-10,winter,2012,Nov,No,Sat,No,Normal,16.0,20.0,65.0,4.0,2090,4446,6536,10
681,2012-11-11,winter,2012,Nov,No,Sun,No,Normal,17.0,21.0,66.0,9.0,2290,4562,6852,11
682,2012-11-12,winter,2012,Nov,Yes,Mon,No,Normal,20.0,24.0,74.0,12.0,1097,5172,6269,12
683,2012-11-13,winter,2012,Nov,No,Tue,Yes,Moderate,14.0,16.0,66.0,23.0,327,3767,4094,13
684,2012-11-14,winter,2012,Nov,No,Wed,Yes,Normal,12.0,14.0,55.0,13.0,373,5122,5495,14
685,2012-11-15,winter,2012,Nov,No,Thr,Yes,Moderate,13.0,16.0,62.0,10.0,320,5125,5445,15
686,2012-11-16,winter,2012,Nov,No,Fri,Yes,Normal,14.0,17.0,52.0,11.0,484,5214,5698,16
687,2012-11-17,winter,2012,Nov,No,Sat,No,Normal,13.0,16.0,55.0,12.0,1313,4316,5629,17
688,2012-11-18,winter,2012,Nov,No,Sun,No,Normal,14.0,17.0,69.0,15.0,922,3747,4669,18
689,2012-11-19,winter,2012,Nov,No,Mon,Yes,Moderate,16.0,19.0,62.0,16.0,449,5050,5499,19
690,2012-11-20,winter,2012,Nov,No,Tue,Yes,Moderate,15.0,19.0,68.0,6.0,534,5100,5634,20
691,2012-11-21,winter,2012,Nov,No,Wed,Yes,Normal,14.0,18.0,61.0,7.0,615,4531,5146,21
692,2012-11-22,winter,2012,Nov,Yes,Thr,No,Normal,14.0,18.0,58.0,4.0,955,1470,2425,22
693,2012-11-23,winter,2012,Nov,No,Fri,Yes,Normal,15.0,19.0,57.0,10.0,1603,2307,3910,23
694,2012-11-24,winter,2012,Nov,No,Sat,No,Normal,11.0,12.0,40.0,25.0,532,1745,2277,24
695,2012-11-25,winter,2012,Nov,No,Sun,No,Normal,10.0,13.0,47.0,10.0,309,2115,2424,25
696,2012-11-26,winter,2012,Nov,No,Mon,Yes,Normal,13.0,17.0,54.0,3.0,337,4750,5087,26
697,2012-11-27,winter,2012,Nov,No,Tue,Yes,Moderate,12.0,14.0,79.0,16.0,123,3836,3959,27
698,2012-11-28,winter,2012,Nov,No,Wed,Yes,Normal,12.0,14.0,51.0,14.0,198,5062,5260,28
699,2012-11-29,winter,2012,Nov,No,Thr,Yes,Normal,12.0,15.0,56.0,8.0,243,5080,5323,29
700,2012-11-30,winter,2012,Nov,No,Fri,Yes,Normal,12.0,16.0,65.0,4.0,362,5306,5668,30
701,2012-12-01,winter,2012,Dec,No,Sat,No,Moderate,12.0,16.0,81.0,4.0,951,4240,5191,01
702,2012-12-02,winter,2012,Dec,No,Sun,No,Moderate,14.0,18.0,82.0,8.0,892,3757,4649,02
703,2012-12-03,winter,2012,Dec,No,Mon,Yes,Normal,19.0,23.0,77.0,6.0,555,5679,6234,03
704,2012-12-04,winter,2012,Dec,No,Tue,Yes,Normal,20.0,23.0,73.0,12.0,551,6055,6606,04
705,2012-12-05,winter,2012,Dec,No,Wed,Yes,Normal,18.0,21.0,48.0,22.0,331,5398,5729,05
706,2012-12-06,winter,2012,Dec,No,Thr,Yes,Normal,10.0,13.0,51.0,12.0,340,5035,5375,06
707,2012-12-07,winter,2012,Dec,No,Fri,Yes,Moderate,13.0,16.0,76.0,9.0,349,4659,5008,07
708,2012-12-08,winter,2012,Dec,No,Sat,No,Moderate,16.0,19.0,91.0,7.0,1153,4429,5582,08
709,2012-12-09,winter,2012,Dec,No,Sun,No,Moderate,16.0,20.0,91.0,11.0,441,2787,3228,09
710,2012-12-10,winter,2012,Dec,No,Mon,Yes,Moderate,18.0,22.0,92.0,13.0,329,4841,5170,10
711,2012-12-11,winter,2012,Dec,No,Tue,Yes,Moderate,14.0,17.0,60.0,20.0,282,5219,5501,11
712,2012-12-12,winter,2012,Dec,No,Wed,Yes,Moderate,12.0,15.0,54.0,11.0,310,5009,5319,12
713,2012-12-13,winter,2012,Dec,No,Thr,Yes,Normal,12.0,15.0,49.0,12.0,425,5107,5532,13
714,2012-12-14,winter,2012,Dec,No,Fri,Yes,Normal,12.0,15.0,64.0,9.0,429,5182,5611,14
715,2012-12-15,winter,2012,Dec,No,Sat,No,Normal,13.0,17.0,65.0,7.0,767,4280,5047,15
716,2012-12-16,winter,2012,Dec,No,Sun,No,Moderate,15.0,18.0,84.0,7.0,538,3248,3786,16
717,2012-12-17,winter,2012,Dec,No,Mon,Yes,Moderate,16.0,20.0,91.0,7.0,212,4373,4585,17
718,2012-12-18,winter,2012,Dec,No,Tue,Yes,Normal,17.0,20.0,67.0,15.0,433,5124,5557,18
719,2012-12-19,winter,2012,Dec,No,Wed,Yes,Normal,14.0,17.0,63.0,12.0,333,4934,5267,19
720,2012-12-20,winter,2012,Dec,No,Thr,Yes,Moderate,14.0,17.0,67.0,9.0,314,3814,4128,20
721,2012-12-21,springer,2012,Dec,No,Fri,Yes,Moderate,13.0,15.0,56.0,25.0,221,3402,3623,21
722,2012-12-22,springer,2012,Dec,No,Sat,No,Normal,11.0,12.0,44.0,26.0,205,1544,1749,22
723,2012-12-23,springer,2012,Dec,No,Sun,No,Normal,10.0,13.0,52.0,9.0,408,1379,1787,23
724,2012-12-24,springer,2012,Dec,No,Mon,Yes,Moderate,9.0,13.0,79.0,5.0,174,746,920,24
725,2012-12-25,springer,2012,Dec,Yes,Tue,No,Moderate,12.0,15.0,73.0,11.0,440,573,1013,25
726,2012-12-26,springer,2012,Dec,No,Wed,Yes,Caution,10.0,11.0,82.0,21.0,9,432,441,26
727,2012-12-27,springer,2012,Dec,No,Thr,Yes,Moderate,10.0,11.0,65.0,23.0,247,1867,2114,27
728,2012-12-28,springer,2012,Dec,No,Fri,Yes,Moderate,10.0,13.0,59.0,10.0,644,2451,3095,28
729,2012-12-29,springer,2012,Dec,No,Sat,No,Moderate,10.0,12.0,75.0,8.0,159,1182,1341,29
730,2012-12-30,springer,2012,Dec,No,Sun,No,Normal,10.0,12.0,48.0,24.0,364,1432,1796,30
731,2012-12-31,springer,2012,Dec,No,Mon,Yes,Moderate,9.0,11.0,58.0,10.0,439,2290,2729,31
